# Timestamp,Type of mobile,MMSI,Latitude,Longitude,Navigational status,ROT,SOG,COG,Heading,IMO,Callsign,Name,Ship type,Cargo type,Width,Length,Type of position fixing device,Draught,Destination,ETA,Data source type,A,B,C,D
23/06/2017 00:00:00,Base Station,2194005,56.344267,4.272000,Unknown value,,,,,Unknown,,,Undefined,,,,Surveyed,,,,AIS,,,,
23/06/2017 00:00:00,Class A,219002624,55.507902,7.874188,Unknown value,,0.0,0.0,,Unknown,,,Undefined,,,,Undefined,,,,AIS,,,,
23/06/2017 00:00:00,Base Station,2190064,56.716565,11.519050,Unknown value,,,,,Unknown,,,Undefined,,,,GPS,,,,AIS,,,,
23/06/2017 00:00:00,Class A,220012000,56.721995,11.899190,Unknown value,0.0,2.4,65.3,60,Unknown,,,Undefined,,,,Undefined,,,,AIS,,,,
23/06/2017 00:00:00,Class A,311000223,54.973160,13.869067,Under way using engine,0.0,9.7,75.6,82,Unknown,,,Undefined,,,,Undefined,,,,AIS,,,,
23/06/2017 00:00:00,Class A,277408000,54.712462,12.812590,Under way using engine,0.0,21.2,76.1,77,Unknown,,,Undefined,,,,Undefined,,,,AIS,,,,
23/06/2017 00:00:00,Class A,244890472,55.474003,8.346453,Under way using engine,0.0,10.7,231.0,230,Unknown,,,Undefined,,,,Undefined,,,,AIS,,,,
23/06/2017 00:00:00,Class A,265781000,57.573963,11.777525,Unknown value,0.0,0.0,326.1,16,Unknown,,,Undefined,,,,Undefined,,,,AIS,,,,
23/06/2017 00:00:00,Class A,219016764,57.593805,9.957338,Unknown value,0.0,0.0,303.8,226,Unknown,,,Undefined,,,,Undefined,,,,AIS,,,,
23/06/2017 00:00:00,Class A,265785410,56.005577,12.690297,Under way using engine,0.0,2.4,332.0,330,Unknown,,,Undefined,,,,Undefined,,,,AIS,,,,
23/06/2017 00:00:00,Base Station,2655115,56.682807,16.564705,Unknown value,,,,,Unknown,,,Undefined,,,,Surveyed,,,,AIS,,,,
23/06/2017 00:00:00,Class A,219007034,57.121917,8.600403,Engaged in fishing,0.0,0.0,349.7,329,Unknown,,,Undefined,,,,Undefined,,,,AIS,,,,
23/06/2017 00:00:00,Class A,245859000,56.017095,7.187833,Under way using engine,0.0,8.7,350.3,349,Unknown,,,Undefined,,,,Undefined,,,,AIS,,,,
23/06/2017 00:00:00,Class A,265572330,57.108963,12.242502,Under way using engine,0.0,0.0,336.5,324,Unknown,,,Undefined,,,,Undefined,,,,AIS,,,,
23/06/2017 00:00:00,Class A,219001819,55.179235,12.376888,Under way using engine,0.0,0.1,219.0,134,Unknown,,,Undefined,,,,Undefined,,,,AIS,,,,
23/06/2017 00:00:00,Class A,219904000,56.413850,10.922327,Engaged in fishing,0.0,0.0,339.2,203,Unknown,,,Undefined,,,,Undefined,,,,AIS,,,,
23/06/2017 00:00:00,Class A,220329000,57.690417,10.895583,Engaged in fishing,0.0,2.8,188.3,200,Unknown,,,Undefined,,,,Undefined,,,,AIS,,,,
23/06/2017 00:00:00,Class A,231015000,55.268900,9.887517,Moored,,0.0,334.0,,Unknown,,,Undefined,,,,Undefined,,,,AIS,,,,
23/06/2017 00:00:00,Class A,219000775,56.701557,8.220963,Under way using engine,0.0,0.0,352.5,228,Unknown,,,Undefined,,,,Undefined,,,,AIS,,,,
23/06/2017 00:00:00,Class B,219006824,57.492900,10.505995,Unknown value,,0.0,,,Unknown,,,Undefined,,,,Undefined,,,,AIS,,,,
23/06/2017 00:00:00,Class A,219000605,55.460700,8.440500,Unknown value,0.0,0.0,315.0,264,Unknown,,,Undefined,,,,Undefined,,,,AIS,,,,
23/06/2017 00:00:00,Class A,219000818,55.270318,9.889292,Unknown value,,0.0,339.5,,Unknown,,,Undefined,,,,Undefined,,,,AIS,,,,
23/06/2017 00:00:00,Class A,245491000,57.586553,11.259298,Under way using engine,0.0,12.3,297.4,298,Unknown,,,Undefined,,,,Undefined,,,,AIS,,,,
23/06/2017 00:00:00,Class B,211140580,91.000000,181.000000,Unknown value,,,,,Unknown,DF2120,,Sailing,,4,11,Undefined,,,,AIS,7,4,3,1
23/06/2017 00:00:00,Class A,220600000,56.349133,4.279885,Under way using engine,,0.3,135.5,177,Unknown,,,Undefined,,,,Undefined,,,,AIS,,,,
23/06/2017 00:00:00,Class A,219014374,54.751233,10.670567,Unknown value,0.0,0.0,206.1,23,Unknown,,,Undefined,,,,Undefined,,,,AIS,,,,
23/06/2017 00:00:00,Class A,636017726,57.021525,11.726300,Under way using engine,0.0,16.3,342.9,339,Unknown,,,Undefined,,,,Undefined,,,,AIS,,,,
23/06/2017 00:00:00,Class A,219018486,57.121050,8.601283,Under way using engine,,0.0,131.1,,Unknown,,,Undefined,,,,Undefined,,,,AIS,,,,
23/06/2017 00:00:00,Class A,220574000,57.965972,8.569485,Under way using engine,0.0,37.8,293.2,299,Unknown,,,Undefined,,,,Undefined,,,,AIS,,,,
23/06/2017 00:00:00,Class A,219014974,56.033883,12.615652,Under way using engine,0.0,0.0,315.0,226,Unknown,,,Undefined,,,,Undefined,,,,AIS,,,,
23/06/2017 00:00:00,Class A,220628000,57.592835,9.974162,Under way using engine,0.0,0.0,155.1,311,Unknown,,,Undefined,,,,Undefined,,,,AIS,,,,
23/06/2017 00:00:00,Class B,219002661,56.723355,11.932720,Unknown value,,2.0,227.6,,Unknown,,,Undefined,,,,Undefined,,,,AIS,,,,
23/06/2017 00:00:00,Class A,636015204,56.012022,7.394615,Under way using engine,0.0,15.2,202.2,201,Unknown,,,Undefined,,,,Undefined,,,,AIS,,,,
23/06/2017 00:00:00,Class A,219011196,54.952203,12.465468,Unknown value,0.0,0.0,335.3,165,Unknown,,,Undefined,,,,Undefined,,,,AIS,,,,
23/06/2017 00:00:00,Class A,265650950,57.599583,11.793820,Under way using engine,0.0,0.0,339.7,90,Unknown,,,Undefined,,,,Undefined,,,,AIS,,,,
23/06/2017 00:00:00,Class A,305166000,55.332185,11.140563,Under way using engine,0.0,0.0,340.7,344,Unknown,,,Undefined,,,,Undefined,,,,AIS,,,,
23/06/2017 00:00:00,Class A,275449000,54.572743,11.253312,Under way using engine,0.0,10.3,296.0,294,Unknown,,,Undefined,,,,Undefined,,,,AIS,,,,
23/06/2017 00:00:00,Base Station,2190066,56.530063,8.166945,Unknown value,,,,,Unknown,,,Undefined,,,,GPS,,,,AIS,,,,
23/06/2017 00:00:00,Class A,211202400,56.120372,10.984165,Under way using engine,3.6,9.6,1.9,0,Unknown,,,Undefined,,,,Undefined,,,,AIS,,,,
23/06/2017 00:00:00,Class A,304944000,55.407957,12.635275,Under way using engine,-2.9,14.0,191.0,189,Unknown,,,Undefined,,,,Undefined,,,,AIS,,,,
23/06/2017 00:00:00,Class A,265739650,57.704303,11.939685,Unknown value,0.0,0.0,318.6,249,Unknown,,,Undefined,,,,Undefined,,,,AIS,,,,
23/06/2017 00:00:00,Class A,265650970,57.661500,11.841768,Under way using engine,0.0,0.0,347.9,157,Unknown,,,Undefined,,,,Undefined,,,,AIS,,,,
23/06/2017 00:00:00,Base Station,2579999,55.447827,8.592080,Unknown value,,,,,Unknown,,,Undefined,,,,Internal,,,,AIS,,,,
23/06/2017 00:00:00,Class A,256312000,54.578598,10.969697,Under way using engine,0.0,13.2,83.0,84,Unknown,,,Undefined,,,,Undefined,,,,AIS,,,,
23/06/2017 00:00:00,Base Station,2655146,56.789980,12.937965,Unknown value,,,,,Unknown,,,Undefined,,,,Surveyed,,,,AIS,,,,
23/06/2017 00:00:00,Class A,219001872,57.351562,11.315123,Engaged in fishing,0.0,2.5,186.5,181,Unknown,,,Undefined,,,,Undefined,,,,AIS,,,,
23/06/2017 00:00:00,Class A,211212450,54.641850,13.539583,Under way using engine,0.0,9.1,142.8,141,Unknown,,,Undefined,,,,Undefined,,,,AIS,,,,
23/06/2017 00:00:00,Class B,211631670,54.974395,11.332245,Unknown value,,7.8,155.2,,Unknown,,,Undefined,,,,Undefined,,,,AIS,,,,
23/06/2017 00:00:00,Class A,210474000,56.584033,12.249683,Under way using engine,0.0,11.0,345.1,345,Unknown,,,Undefined,,,,Undefined,,,,AIS,,,,
23/06/2017 00:00:00,Class A,240235000,56.459333,11.214267,Under way using engine,0.0,10.2,231.0,228,Unknown,,,Undefined,,,,Undefined,,,,AIS,,,,
23/06/2017 00:00:00,Class A,566414000,56.051448,4.457132,Under way using engine,0.0,12.0,6.1,5,Unknown,,,Undefined,,,,Undefined,,,,AIS,,,,
23/06/2017 00:00:00,Class A,219004903,57.720135,10.594772,Under way using engine,,0.0,,,Unknown,,,Undefined,,,,Undefined,,,,AIS,,,,
23/06/2017 00:00:00,Class A,220204000,56.447098,11.905545,Unknown value,0.0,2.7,143.3,150,Unknown,,,Undefined,,,,Undefined,,,,AIS,,,,
23/06/2017 00:00:00,Class A,314018000,57.020497,11.759593,Under way using engine,0.0,12.1,338.6,335,Unknown,,,Undefined,,,,Undefined,,,,AIS,,,,
23/06/2017 00:00:00,Class A,265511420,57.660088,11.766225,Under way using engine,12.9,25.4,249.9,251,Unknown,,,Undefined,,,,Undefined,,,,AIS,,,,
23/06/2017 00:00:00,Class A,261000310,57.147817,8.516550,Restricted maneuverability,0.0,5.4,236.1,235,Unknown,,,Undefined,,,,Undefined,,,,AIS,,,,
23/06/2017 00:00:00,AtoN,992111930,55.019900,7.799488,Unknown value,,,,,Unknown,,BU PLATFORM,Undefined,,42,63,GPS,,,,AIS,7,56,36,6
23/06/2017 00:00:00,Class A,211543850,54.431545,12.690660,Under way using engine,,0.0,316.2,,Unknown,,,Undefined,,,,Undefined,,,,AIS,,,,
23/06/2017 00:00:00,Class A,219622000,56.033008,12.616423,Under way using engine,0.0,0.1,261.0,78,Unknown,,,Undefined,,,,Undefined,,,,AIS,,,,
23/06/2017 00:00:00,Class A,636091854,54.364348,10.170620,Under way using engine,-10.0,11.2,42.8,36,Unknown,,,Undefined,,,,Undefined,,,,AIS,,,,
23/06/2017 00:00:00,Class A,220181000,55.519870,8.132312,Engaged in fishing,0.0,3.2,120.5,121,Unknown,,,Undefined,,,,Undefined,,,,AIS,,,,
23/06/2017 00:00:00,Class B,258084230,91.000000,181.000000,Unknown value,,,,,Unknown,,BROSMA,Undefined,,,,Undefined,,,,AIS,,,,
23/06/2017 00:00:00,Class A,219018272,57.210543,11.647158,Under way using engine,0.0,10.5,356.5,359,Unknown,,,Undefined,,,,Undefined,,,,AIS,,,,
23/06/2017 00:00:00,Base Station,2190071,57.110037,8.648280,Unknown value,,,,,Unknown,,,Undefined,,,,GPS,,,,AIS,,,,
23/06/2017 00:00:00,Class A,229246000,55.000550,13.724992,Under way using engine,0.0,10.3,249.0,248,Unknown,,,Undefined,,,,Undefined,,,,AIS,,,,
23/06/2017 00:00:00,Class A,211235220,91.000000,181.000000,Unknown value,,,,,Unknown,DBBR,THEO FISCHER,SAR,,6,23,GPS,1.7,SAR ON DUTY,01/01/2018 01:00:00,AIS,11,12,3,3
23/06/2017 00:00:00,Class B,219002585,56.457168,11.888335,Unknown value,,2.4,139.1,,Unknown,,,Undefined,,,,Undefined,,,,AIS,,,,
23/06/2017 00:00:00,Class A,219005995,57.146000,8.308675,Engaged in fishing,,5.0,266.0,262,Unknown,,,Undefined,,,,Undefined,,,,AIS,,,,
23/06/2017 00:00:00,Class A,218439000,54.655312,11.348852,Under way using engine,0.0,0.0,143.3,44,Unknown,,,Undefined,,,,Undefined,,,,AIS,,,,
23/06/2017 00:00:00,Class A,219000771,55.471787,8.424140,Under way using engine,0.0,0.0,3.9,177,Unknown,,,Undefined,,,,Undefined,,,,AIS,,,,
23/06/2017 00:00:00,Class A,219005513,57.122070,8.600915,Engaged in fishing,0.0,0.0,304.3,148,Unknown,,,Undefined,,,,Undefined,,,,AIS,,,,
23/06/2017 00:00:00,Class A,219003103,57.388875,11.322182,Unknown value,,2.4,184.4,,Unknown,,,Undefined,,,,Undefined,,,,AIS,,,,
23/06/2017 00:00:00,Class A,255805606,57.660000,9.964500,Under way using engine,0.0,15.8,58.0,58,Unknown,,,Undefined,,,,Undefined,,,,AIS,,,,
23/06/2017 00:00:00,Class A,219019887,55.864733,10.549000,Under way using engine,0.0,0.0,188.0,188,Unknown,,,Undefined,,,,Undefined,,,,AIS,,,,
23/06/2017 00:00:00,Class A,211410690,57.715525,10.584878,Under way using engine,0.0,0.0,31.7,53,Unknown,,,Undefined,,,,Undefined,,,,AIS,,,,
23/06/2017 00:00:00,AtoN,992111923,54.949617,13.083867,Unknown value,,,,,Unknown,,BALTIC2 WINDFARM SW,Undefined,,12,8,Surveyed,,,,AIS,4,4,4,8
23/06/2017 00:00:00,Base Station,2190068,56.447252,10.945873,Unknown value,,,,,Unknown,,,Undefined,,,,GPS,,,,AIS,,,,
23/06/2017 00:00:00,Class A,220514000,57.688367,10.601250,Under way using engine,,3.4,180.5,151,Unknown,,,Undefined,,,,Undefined,,,,AIS,,,,
23/06/2017 00:00:00,Class A,219005999,55.821272,10.052808,Under way using engine,0.0,0.0,0.0,54,Unknown,,,Undefined,,,,Undefined,,,,AIS,,,,
23/06/2017 00:00:00,Class A,219002175,57.718348,10.592613,Under way using engine,0.0,0.0,296.1,65,Unknown,,,Undefined,,,,Undefined,,,,AIS,,,,
23/06/2017 00:00:00,Class A,219002732,56.409158,10.924835,Under way using engine,0.0,0.0,29.9,168,Unknown,,,Undefined,,,,Undefined,,,,AIS,,,,
23/06/2017 00:00:00,Class A,538005402,54.988627,13.738040,Under way using engine,0.0,13.0,250.4,249,Unknown,,,Undefined,,,,Undefined,,,,AIS,,,,
23/06/2017 00:00:00,Class A,341561000,55.421483,15.296267,Under way using engine,0.0,9.5,84.0,86,Unknown,,,Undefined,,,,Undefined,,,,AIS,,,,
23/06/2017 00:00:00,Class A,219650000,57.593360,9.963825,Engaged in fishing,0.0,0.0,191.4,312,Unknown,,,Undefined,,,,Undefined,,,,AIS,,,,
23/06/2017 00:00:00,Class A,265504700,57.886822,11.593842,Unknown value,0.0,0.0,32.5,149,Unknown,,,Undefined,,,,Undefined,,,,AIS,,,,
23/06/2017 00:00:00,Class A,265701610,55.859003,12.850505,Unknown value,,0.0,336.5,,Unknown,,,Undefined,,,,Undefined,,,,AIS,,,,
23/06/2017 00:00:00,Class A,219423000,54.153967,12.100867,Under way using engine,0.0,0.0,139.4,354,Unknown,,,Undefined,,,,Undefined,,,,AIS,,,,
23/06/2017 00:00:00,Class B,219003369,57.615858,9.954167,Unknown value,,6.1,58.6,,Unknown,,,Undefined,,,,Undefined,,,,AIS,,,,
23/06/2017 00:00:00,Class A,219019012,56.701295,8.220535,Under way using engine,,0.1,73.4,,Unknown,,,Undefined,,,,Undefined,,,,AIS,,,,
23/06/2017 00:00:00,Class B,219021257,91.000000,181.000000,Unknown value,,,,,Unknown,XPE7560,,Pleasure,,3,9,Undefined,,,,AIS,5,4,1,2
23/06/2017 00:00:00,Class A,220024000,56.005615,8.122647,Engaged in fishing,0.0,0.0,325.8,245,Unknown,,,Undefined,,,,Undefined,,,,AIS,,,,
23/06/2017 00:00:00,Class A,219014161,55.423468,8.342437,Engaged in fishing,,3.4,337.3,306,Unknown,,,Undefined,,,,Undefined,,,,AIS,,,,
23/06/2017 00:00:00,Class A,219009599,57.593650,9.956933,Engaged in fishing,0.0,0.0,346.2,226,Unknown,,,Undefined,,,,Undefined,,,,AIS,,,,
23/06/2017 00:00:00,Class A,244693000,56.880942,7.865642,Under way using engine,0.0,13.6,215.5,213,Unknown,,,Undefined,,,,Undefined,,,,AIS,,,,
23/06/2017 00:00:00,Class A,220338000,57.507508,10.983167,Engaged in fishing,0.0,2.5,229.9,225,Unknown,,,Undefined,,,,Undefined,,,,AIS,,,,
23/06/2017 00:00:00,Class A,331626000,56.005378,8.122007,Unknown value,0.0,0.0,9.0,245,Unknown,,,Undefined,,,,Undefined,,,,AIS,,,,
23/06/2017 00:00:00,Base Station,2655140,56.053328,12.708212,Unknown value,,,,,Unknown,,,Undefined,,,,Surveyed,,,,AIS,,,,
23/06/2017 00:00:00,Class A,219000429,54.514167,11.237633,Under way using engine,0.0,13.5,203.1,202,Unknown,,,Undefined,,,,Undefined,,,,AIS,,,,
23/06/2017 00:00:00,Class A,257025000,55.420352,8.112817,Under way using engine,0.0,14.0,270.5,268,Unknown,,,Undefined,,,,Undefined,,,,AIS,,,,
23/06/2017 00:00:00,Class A,636013683,57.143023,11.652817,Constrained by her draught,-0.4,12.2,340.0,342,Unknown,,,Undefined,,,,Undefined,,,,AIS,,,,
23/06/2017 00:00:00,Class A,563052000,57.687973,11.878280,Under way using engine,0.0,0.6,1.4,182,Unknown,,,Undefined,,,,Undefined,,,,AIS,,,,
23/06/2017 00:00:00,Class A,236150000,55.394877,14.693080,Under way using engine,0.0,8.1,60.0,61,Unknown,,,Undefined,,,,Undefined,,,,AIS,,,,
23/06/2017 00:00:00,Class A,219006092,56.380858,11.947200,Under way using engine,0.0,2.4,138.3,139,Unknown,,,Undefined,,,,Undefined,,,,AIS,,,,
23/06/2017 00:00:00,Class A,229883000,57.519828,8.784278,Under way using engine,0.0,13.0,237.0,237,Unknown,,,Undefined,,,,Undefined,,,,AIS,,,,
23/06/2017 00:00:00,Class A,219005477,56.152850,10.216217,Reserved for future use [11],,0.1,232.8,,Unknown,,,Undefined,,,,Undefined,,,,AIS,,,,
23/06/2017 00:00:00,Class A,219001789,55.478048,8.416802,Under way using engine,,0.0,26.0,,Unknown,,,Undefined,,,,Undefined,,,,AIS,,,,
23/06/2017 00:00:00,Class A,211211470,54.591212,10.861938,Under way using engine,0.0,12.2,265.8,268,Unknown,,,Undefined,,,,Undefined,,,,AIS,,,,
23/06/2017 00:00:00,Class A,244790677,56.203340,7.434523,Engaged in fishing,0.0,3.1,283.8,264,Unknown,,,Undefined,,,,Undefined,,,,AIS,,,,
23/06/2017 00:00:00,Class A,231108273,55.247845,14.836375,Unknown value,,0.0,313.1,,Unknown,,,Undefined,,,,Undefined,,,,AIS,,,,
23/06/2017 00:00:00,Class A,249263000,57.222622,11.580068,Under way using engine,0.0,12.7,337.8,341,Unknown,,,Undefined,,,,Undefined,,,,AIS,,,,
23/06/2017 00:00:00,Base Station,2573115,59.233333,9.700000,Unknown value,,,,,Unknown,,,Undefined,,,,Surveyed,,,,AIS,,,,
23/06/2017 00:00:00,Class B,244110972,56.987215,9.633642,Unknown value,,0.1,,,Unknown,,,Undefined,,,,Undefined,,,,AIS,,,,
23/06/2017 00:00:00,Class A,219002724,55.677333,11.083517,Under way using engine,,0.0,289.3,,Unknown,,,Undefined,,,,Undefined,,,,AIS,,,,
23/06/2017 00:00:00,Class A,249255000,54.180827,9.476162,Under way using engine,1.1,4.8,250.3,250,Unknown,,,Undefined,,,,Undefined,,,,AIS,,,,
23/06/2017 00:00:00,Class A,219002774,57.594270,9.959112,Unknown value,0.0,0.0,243.6,159,Unknown,,,Undefined,,,,Undefined,,,,AIS,,,,
23/06/2017 00:00:00,Class A,211517420,54.386865,10.186333,Not under command,,0.0,335.2,,Unknown,,,Undefined,,,,Undefined,,,,AIS,,,,
23/06/2017 00:00:00,Class A,229044000,54.859473,14.047102,Unknown value,0.0,0.1,238.6,337,Unknown,,,Undefined,,,,Undefined,,,,AIS,,,,
23/06/2017 00:00:00,AtoN,992111924,55.005333,13.151633,Unknown value,,,,,Unknown,,BALTIC2 WINDFARM NW,Undefined,,12,8,Surveyed,,,,AIS,4,4,4,8
23/06/2017 00:00:00,Class A,219959000,56.004660,8.121935,Under way using engine,0.0,0.0,342.5,67,Unknown,,,Undefined,,,,Undefined,,,,AIS,,,,
23/06/2017 00:00:00,Class A,265513320,56.659980,12.853147,Under way using engine,0.0,0.0,196.5,204,Unknown,,,Undefined,,,,Undefined,,,,AIS,,,,
23/06/2017 00:00:00,Class A,219203000,55.726803,4.797408,Under way using engine,0.0,0.4,213.4,317,Unknown,,,Undefined,,,,Undefined,,,,AIS,,,,
23/06/2017 00:00:00,Class A,219005286,55.090417,8.452683,Under way sailing,0.0,3.0,117.1,122,Unknown,,,Undefined,,,,Undefined,,,,AIS,,,,
23/06/2017 00:00:01,Class A,220333000,57.717533,10.587215,Engaged in fishing,0.0,0.0,125.0,129,Unknown,,,Undefined,,,,Undefined,,,,AIS,,,,
23/06/2017 00:00:01,Class A,219157000,55.434352,10.946168,Under way using engine,-2.9,11.4,146.9,146,Unknown,,,Undefined,,,,Undefined,,,,AIS,,,,
23/06/2017 00:00:01,Base Station,2655185,56.226918,14.775307,Unknown value,,,,,Unknown,,,Undefined,,,,Internal,,,,AIS,,,,
23/06/2017 00:00:01,Class A,219022242,57.121617,8.597183,Engaged in fishing,0.0,0.0,,330,Unknown,,,Undefined,,,,Undefined,,,,AIS,,,,
23/06/2017 00:00:01,Class A,212854000,57.909842,8.990137,Restricted maneuverability,0.0,6.2,270.3,273,Unknown,,,Undefined,,,,Undefined,,,,AIS,,,,
23/06/2017 00:00:01,Class A,249934000,57.804265,10.149473,Under way using engine,3.6,7.6,94.2,93,Unknown,,,Undefined,,,,Undefined,,,,AIS,,,,
23/06/2017 00:00:01,AtoN,992111931,54.966755,7.784453,Unknown value,,,,,Unknown,,BU1 WINDFARM,Undefined,,11,8,Surveyed,,,,AIS,4,4,4,7
23/06/2017 00:00:01,Class A,219168000,57.279758,8.939337,Engaged in fishing,0.0,12.1,57.3,54,Unknown,,,Undefined,,,,Undefined,,,,AIS,,,,
23/06/2017 00:00:01,Class A,265785300,56.268037,12.839617,Not under command,,0.1,166.9,,Unknown,,,Undefined,,,,Undefined,,,,AIS,,,,
23/06/2017 00:00:01,Class A,219005882,56.794587,8.866498,Restricted maneuverability,,0.0,328.3,,Unknown,,,Undefined,,,,Undefined,,,,AIS,,,,
23/06/2017 00:00:01,Class A,244462000,55.674812,11.099102,Moored,0.0,0.0,74.8,270,Unknown,,,Undefined,,,,Undefined,,,,AIS,,,,
23/06/2017 00:00:01,Class A,219005866,57.551857,11.358435,Unknown value,0.0,2.7,72.8,75,Unknown,,,Undefined,,,,Undefined,,,,AIS,,,,
23/06/2017 00:00:01,Class A,266160000,57.059253,12.272837,Engaged in fishing,0.0,0.0,286.0,197,Unknown,,,Undefined,,,,Undefined,,,,AIS,,,,
23/06/2017 00:00:01,Class A,219001431,54.999232,9.671112,Under way using engine,0.0,0.0,343.0,229,Unknown,,,Undefined,,,,Undefined,,,,AIS,,,,
23/06/2017 00:00:01,Class A,257888000,57.717263,10.585617,Unknown value,0.0,0.0,303.5,306,Unknown,,,Undefined,,,,Undefined,,,,AIS,,,,
23/06/2017 00:00:01,Class B,220383000,55.452633,8.274172,Unknown value,,3.6,48.5,,Unknown,,,Undefined,,,,Undefined,,,,AIS,,,,
23/06/2017 00:00:01,Class A,219002586,57.591882,9.953683,Engaged in fishing,0.0,0.0,225.9,218,Unknown,,,Undefined,,,,Undefined,,,,AIS,,,,
23/06/2017 00:00:01,Class A,219000187,56.953888,8.694253,Moored,0.0,0.0,323.3,179,Unknown,,,Undefined,,,,Undefined,,,,AIS,,,,
23/06/2017 00:00:01,Class A,219000431,54.636000,11.326367,Under way using engine,0.0,14.5,18.0,22,Unknown,,,Undefined,,,,Undefined,,,,AIS,,,,
23/06/2017 00:00:01,Class A,219001111,57.718900,10.591942,Under way using engine,0.0,0.0,9.1,59,Unknown,,,Undefined,,,,Undefined,,,,AIS,,,,
23/06/2017 00:00:01,AtoN,992111840,54.612893,12.629958,Unknown value,,,,,Unknown,,WIND FARM BALTIC1NW,Undefined,,60,60,GPS,,,,AIS,30,30,30,30
23/06/2017 00:00:01,Class B,265526140,56.533413,10.710878,Unknown value,,0.0,239.3,,Unknown,,,Undefined,,,,Undefined,,,,AIS,,,,
23/06/2017 00:00:01,Class A,258381000,57.592320,9.975332,Under way using engine,0.0,0.0,329.2,131,Unknown,,,Undefined,,,,Undefined,,,,AIS,,,,
23/06/2017 00:00:01,Base Station,2573125,58.433333,8.766667,Unknown value,,,,,Unknown,,,Undefined,,,,Surveyed,,,,AIS,,,,
23/06/2017 00:00:01,Class A,219009907,57.593473,9.960790,Engaged in fishing,,0.1,172.1,,Unknown,,,Undefined,,,,Undefined,,,,AIS,,,,
23/06/2017 00:00:01,Class A,253383000,55.611810,15.371942,Under way using engine,0.0,9.8,58.2,62,Unknown,,,Undefined,,,,Undefined,,,,AIS,,,,
23/06/2017 00:00:01,Class A,219010637,55.559878,9.753560,Under way using engine,,0.0,289.1,,Unknown,,,Undefined,,,,Undefined,,,,AIS,,,,
23/06/2017 00:00:01,Class B,244615102,55.679447,12.591772,Unknown value,,0.3,71.5,,Unknown,,,Undefined,,,,Undefined,,,,AIS,,,,
23/06/2017 00:00:01,Class A,219954000,55.277055,11.059487,Under way using engine,-1.1,16.4,155.1,154,Unknown,,,Undefined,,,,Undefined,,,,AIS,,,,
23/06/2017 00:00:01,Class A,232007139,57.717530,10.589932,Under way sailing,0.0,0.0,121.4,53,Unknown,,,Undefined,,,,Undefined,,,,AIS,,,,
23/06/2017 00:00:01,Class B,269090000,91.000000,181.000000,Unknown value,,,,,Unknown,,PRIMO LOCO,Undefined,,,,Undefined,,,,AIS,,,,
23/06/2017 00:00:01,Class A,219006157,57.495983,10.501323,Engaged in fishing,0.0,0.0,342.6,139,Unknown,,,Undefined,,,,Undefined,,,,AIS,,,,
23/06/2017 00:00:01,Base Station,2655125,56.174227,15.601643,Unknown value,,,,,Unknown,,,Undefined,,,,Surveyed,,,,AIS,,,,
23/06/2017 00:00:01,Class B,211458300,54.897108,9.618665,Unknown value,,0.0,160.3,,Unknown,,,Undefined,,,,Undefined,,,,AIS,,,,
23/06/2017 00:00:01,Base Station,2190047,55.697250,12.613717,Unknown value,,,,,Unknown,,,Undefined,,,,Surveyed,,,,AIS,,,,
23/06/2017 00:00:01,Class A,220228000,55.409248,8.314445,Engaged in fishing,0.0,3.5,317.3,311,Unknown,,,Undefined,,,,Undefined,,,,AIS,,,,
23/06/2017 00:00:01,Class A,265708710,57.686967,11.895803,Under way using engine,,0.0,,,Unknown,,,Undefined,,,,Undefined,,,,AIS,,,,
23/06/2017 00:00:01,Class B,211407760,54.152018,11.769233,Unknown value,,0.0,35.1,,Unknown,,,Undefined,,,,Undefined,,,,AIS,,,,
23/06/2017 00:00:01,Class A,211263800,91.000000,181.000000,Unknown value,,,,,Unknown,DH9000,HOCHSCHULE WISMAR,Undefined,,32,217,GPS,,,,AIS,180,37,16,16
23/06/2017 00:00:01,Class A,219012639,56.408950,10.921900,Under way using engine,0.0,0.0,330.1,260,Unknown,,,Undefined,,,,Undefined,,,,AIS,,,,
23/06/2017 00:00:01,Class A,219012397,55.695520,12.611627,Under way using engine,,0.0,271.6,,Unknown,,,Undefined,,,,Undefined,,,,AIS,,,,
23/06/2017 00:00:01,Class B,219011018,91.000000,181.000000,Unknown value,,,,,Unknown,,HG35 VENDELBO,Undefined,,,,Undefined,,,,AIS,,,,
23/06/2017 00:00:01,Class A,219013885,57.321035,11.127160,Engaged in fishing,0.0,0.0,0.0,154,Unknown,,,Undefined,,,,Undefined,,,,AIS,,,,
23/06/2017 00:00:01,Class A,219002358,55.211492,11.197865,Under way using engine,0.0,0.0,315.0,280,Unknown,,,Undefined,,,,Undefined,,,,AIS,,,,
23/06/2017 00:00:01,Class A,211255580,54.501317,8.702495,Under way using engine,0.0,0.0,231.0,43,Unknown,,,Undefined,,,,Undefined,,,,AIS,,,,
23/06/2017 00:00:01,Class A,265754460,56.427443,12.623963,Unknown value,,0.0,,,Unknown,,,Undefined,,,,Undefined,,,,AIS,,,,
23/06/2017 00:00:01,Class A,266062000,55.556535,14.359045,Engaged in fishing,,0.0,146.1,,Unknown,,,Undefined,,,,Undefined,,,,AIS,,,,
23/06/2017 00:00:01,Class A,266164000,91.000000,181.000000,Engaged in fishing,,,,,Unknown,,,Undefined,,,,Undefined,,,,AIS,,,,
23/06/2017 00:00:01,Base Station,2573135,58.066667,7.983333,Unknown value,,,,,Unknown,,,Undefined,,,,Surveyed,,,,AIS,,,,
23/06/2017 00:00:01,AtoN,992111840,54.612937,12.629980,Unknown value,,,,,Unknown,,WIND FARM BALTIC1NW,Undefined,,60,60,GPS,,,,AIS,30,30,30,30
23/06/2017 00:00:01,Class A,219021244,55.333977,11.137853,Under way using engine,0.0,0.0,261.4,341,Unknown,,,Undefined,,,,Undefined,,,,AIS,,,,
23/06/2017 00:00:01,Class A,219006023,57.349467,11.349333,Unknown value,,2.5,359.0,,Unknown,,,Undefined,,,,Undefined,,,,AIS,,,,
23/06/2017 00:00:01,Class A,211209290,54.497698,8.807693,Under way using engine,0.0,0.0,42.3,174,Unknown,,,Undefined,,,,Undefined,,,,AIS,,,,
23/06/2017 00:00:01,Class A,209777000,54.609333,10.841593,Under way using engine,0.0,1.6,71.0,350,Unknown,,,Undefined,,,,Undefined,,,,AIS,,,,
23/06/2017 00:00:01,Class A,219011321,57.594338,9.958468,Engaged in fishing,0.0,0.0,346.9,225,Unknown,,,Undefined,,,,Undefined,,,,AIS,,,,
23/06/2017 00:00:01,Base Station,2655130,55.668072,14.158132,Unknown value,,,,,Unknown,,,Undefined,,,,Surveyed,,,,AIS,,,,
23/06/2017 00:00:01,Class A,241448000,55.476683,4.664033,Under way using engine,0.0,13.3,48.0,49,Unknown,,,Undefined,,,,Undefined,,,,AIS,,,,
23/06/2017 00:00:01,Class B,219011018,91.000000,181.000000,Unknown value,,,,,Unknown,XP4574,HG35 VENDELBO,Fishing,,4,15,Undefined,,,,AIS,10,5,2,2
23/06/2017 00:00:01,Class A,219793000,55.733087,7.828258,Under way using engine,0.0,7.3,208.1,206,Unknown,,,Undefined,,,,Undefined,,,,AIS,,,,
23/06/2017 00:00:01,Class A,219011867,55.471663,8.282912,Moored,0.0,3.1,6.9,5,Unknown,,,Undefined,,,,Undefined,,,,AIS,,,,
23/06/2017 00:00:01,Class A,331143000,57.438602,10.542675,Under way sailing,0.0,0.0,320.3,137,Unknown,,,Undefined,,,,Undefined,,,,AIS,,,,
23/06/2017 00:00:01,Class A,219009041,55.408083,8.296367,Engaged in fishing,,2.7,129.9,129,Unknown,,,Undefined,,,,Undefined,,,,AIS,,,,
23/06/2017 00:00:01,Class A,259340000,57.122242,8.597808,Engaged in fishing,0.0,0.0,92.0,328,Unknown,,,Undefined,,,,Undefined,,,,AIS,,,,
23/06/2017 00:00:01,Class A,305414000,57.456853,10.717078,Under way using engine,-2.2,15.6,190.4,182,Unknown,,,Undefined,,,,Undefined,,,,AIS,,,,
23/06/2017 00:00:01,Class A,248886000,56.866833,8.108525,Under way using engine,0.0,10.8,207.1,205,Unknown,,,Undefined,,,,Undefined,,,,AIS,,,,
23/06/2017 00:00:01,Class B,265566240,57.668742,11.845723,Unknown value,,0.1,185.4,,Unknown,,,Undefined,,,,Undefined,,,,AIS,,,,
23/06/2017 00:00:01,Class A,219018636,56.000915,8.122895,Engaged in fishing,,0.0,,,Unknown,,,Undefined,,,,Undefined,,,,AIS,,,,
23/06/2017 00:00:01,Class A,258435000,56.403457,10.999330,Under way using engine,0.0,8.9,176.3,176,Unknown,,,Undefined,,,,Undefined,,,,AIS,,,,
23/06/2017 00:00:01,Class A,219001695,55.399732,8.335608,Engaged in fishing,0.0,7.1,352.5,347,Unknown,,,Undefined,,,,Undefined,,,,AIS,,,,
23/06/2017 00:00:01,Class B,269090000,91.000000,181.000000,Unknown value,,,,,Unknown,HBY4024,PRIMO LOCO,Pleasure,,4,11,Undefined,,,,AIS,4,7,2,2
23/06/2017 00:00:01,Class A,219996000,91.000000,181.000000,Unknown value,,,,,8942826,OZPS2,THOR,Reserved,,6,21,GPS,3.4,HIRTSHALS DK,22/06/2017 19:30:00,AIS,5,16,2,4
23/06/2017 00:00:01,Class A,265738540,57.704223,11.939743,Unknown value,0.0,0.1,349.1,248,Unknown,,,Undefined,,,,Undefined,,,,AIS,,,,
23/06/2017 00:00:01,Class A,219022260,55.457763,12.204583,Unknown value,,0.0,,,Unknown,,,Undefined,,,,Undefined,,,,AIS,,,,
23/06/2017 00:00:01,Class A,304010515,56.145848,12.512245,Under way using engine,0.0,13.7,332.0,336,Unknown,,,Undefined,,,,Undefined,,,,AIS,,,,
23/06/2017 00:00:01,Class A,265177000,57.701527,11.940855,Under way using engine,0.0,2.5,107.1,269,Unknown,,,Undefined,,,,Undefined,,,,AIS,,,,
23/06/2017 00:00:01,Class A,265702940,55.523705,12.892185,Under way using engine,0.0,0.0,339.0,261,Unknown,,,Undefined,,,,Undefined,,,,AIS,,,,
23/06/2017 00:00:01,Class A,219020391,55.058537,10.620357,Under way using engine,,0.2,308.2,,Unknown,,,Undefined,,,,Undefined,,,,AIS,,,,
23/06/2017 00:00:01,Class B,219008089,56.705098,8.221553,Unknown value,,0.0,0.0,,Unknown,,,Undefined,,,,Undefined,,,,AIS,,,,
23/06/2017 00:00:01,Class A,235011610,55.427500,10.976167,Under way using engine,0.0,15.0,327.0,327,Unknown,,,Undefined,,,,Undefined,,,,AIS,,,,
23/06/2017 00:00:01,Class A,219000554,56.458383,10.041908,Under way using engine,0.0,0.0,163.5,331,Unknown,,,Undefined,,,,Undefined,,,,AIS,,,,
23/06/2017 00:00:01,Class A,219009000,56.078995,4.206642,Under way using engine,25.7,0.2,301.8,331,Unknown,,,Undefined,,,,Undefined,,,,AIS,,,,
23/06/2017 00:00:01,Base Station,2190076,55.674648,9.502060,Unknown value,,,,,Unknown,,,Undefined,,,,GPS,,,,AIS,,,,
23/06/2017 00:00:01,Class A,219013356,55.821867,10.053673,Under way using engine,,0.0,318.6,,Unknown,,,Undefined,,,,Undefined,,,,AIS,,,,
23/06/2017 00:00:01,Class A,244030634,54.766725,15.299108,Under way using engine,0.0,11.2,70.1,69,Unknown,,,Undefined,,,,Undefined,,,,AIS,,,,
23/06/2017 00:00:01,Class A,211227510,55.283117,8.087850,Under way using engine,,12.2,357.0,359,Unknown,,,Undefined,,,,Undefined,,,,AIS,,,,
23/06/2017 00:00:01,Class A,236146000,54.294230,11.601108,Under way using engine,0.0,10.1,239.4,236,Unknown,,,Undefined,,,,Undefined,,,,AIS,,,,
23/06/2017 00:00:01,Class A,220353000,57.124338,8.599865,Engaged in fishing,0.0,0.0,302.4,237,Unknown,,,Undefined,,,,Undefined,,,,AIS,,,,
23/06/2017 00:00:01,Class A,258682000,56.319033,11.413017,Under way using engine,0.0,13.1,209.0,208,Unknown,,,Undefined,,,,Undefined,,,,AIS,,,,
23/06/2017 00:00:01,Class A,219001246,55.058717,10.620283,Under way using engine,0.0,0.0,333.9,308,Unknown,,,Undefined,,,,Undefined,,,,AIS,,,,
23/06/2017 00:00:01,AtoN,992111841,54.583967,12.630000,Unknown value,,,,,Unknown,,WIND FARM BALTIC1SW,Undefined,,6,6,Surveyed,,,,AIS,3,3,3,3
23/06/2017 00:00:01,Base Station,2573145,58.116667,6.633333,Unknown value,,,,,Unknown,,,Undefined,,,,Surveyed,,,,AIS,,,,
23/06/2017 00:00:01,Class A,245546000,55.386073,14.648623,Under way using engine,0.0,13.1,46.6,47,Unknown,,,Undefined,,,,Undefined,,,,AIS,,,,
23/06/2017 00:00:01,AtoN,992191500,55.576482,4.618232,Unknown value,,,,,Unknown,,DAGMAR,Undefined,,,,Undefined,,,,AIS,,,,
23/06/2017 00:00:01,Class B,211120690,91.000000,181.000000,Unknown value,,,,,Unknown,DG2791,,Pleasure,,,,Undefined,,,,AIS,,,,
23/06/2017 00:00:01,AtoN,992111841,54.583967,12.630000,Unknown value,,,,,Unknown,,WIND FARM BALTIC1SW,Undefined,,6,6,Surveyed,,,,AIS,3,3,3,3
23/06/2017 00:00:01,Class A,261012090,54.670175,15.613888,Engaged in fishing,0.0,0.5,281.4,24,Unknown,,,Undefined,,,,Undefined,,,,AIS,,,,
23/06/2017 00:00:01,Class A,265610950,55.552130,12.792610,Under way using engine,0.0,25.0,42.1,43,Unknown,,,Undefined,,,,Undefined,,,,AIS,,,,
23/06/2017 00:00:01,Class A,211609560,55.016442,8.439445,Under way using engine,0.0,0.0,268.9,210,Unknown,,,Undefined,,,,Undefined,,,,AIS,,,,
23/06/2017 00:00:01,Class A,219001849,57.720167,10.594833,Under way using engine,0.0,0.0,0.0,220,Unknown,,,Undefined,,,,Undefined,,,,AIS,,,,
23/06/2017 00:00:01,Class A,219019804,57.591980,9.953830,Unknown value,,0.0,325.5,,Unknown,,,Undefined,,,,Undefined,,,,AIS,,,,
23/06/2017 00:00:01,Class A,229025000,56.383807,12.047310,Under way using engine,0.0,11.4,346.9,350,Unknown,,,Undefined,,,,Undefined,,,,AIS,,,,
23/06/2017 00:00:01,Class A,636092135,57.846717,10.155367,Under way using engine,0.0,12.6,269.0,269,Unknown,,,Undefined,,,,Undefined,,,,AIS,,,,
23/06/2017 00:00:01,Class A,209792000,54.391200,10.198443,Under way using engine,,3.7,191.9,206,Unknown,,,Undefined,,,,Undefined,,,,AIS,,,,
23/06/2017 00:00:01,Class A,219003141,55.755028,11.799512,Under way using engine,0.0,0.0,6.1,13,Unknown,,,Undefined,,,,Undefined,,,,AIS,,,,
23/06/2017 00:00:01,Class A,219002687,54.977835,11.893295,Under way using engine,0.0,0.0,348.1,197,Unknown,,,Undefined,,,,Undefined,,,,AIS,,,,
23/06/2017 00:00:01,Class A,245265000,56.977552,7.235700,Moored,,6.8,58.7,72,Unknown,,,Undefined,,,,Undefined,,,,AIS,,,,
23/06/2017 00:00:01,Class A,219021000,54.755083,13.843950,Under way using engine,0.0,17.9,125.6,126,Unknown,,,Undefined,,,,Undefined,,,,AIS,,,,
23/06/2017 00:00:01,Class A,220215000,55.505712,9.737673,Under way using engine,,0.0,0.0,,Unknown,,,Undefined,,,,Undefined,,,,AIS,,,,
23/06/2017 00:00:01,Base Station,2190069,57.003782,9.824148,Unknown value,,,,,Unknown,,,Undefined,,,,GPS,,,,AIS,,,,
23/06/2017 00:00:01,Class A,265522220,57.707965,11.702118,Unknown value,0.0,2.6,54.5,45,Unknown,,,Undefined,,,,Undefined,,,,AIS,,,,
23/06/2017 00:00:01,Class A,219853000,56.702813,8.222112,Engaged in fishing,0.0,0.0,2.8,261,Unknown,,,Undefined,,,,Undefined,,,,AIS,,,,
23/06/2017 00:00:01,Class A,220356000,57.123233,8.598973,Engaged in fishing,0.0,0.0,320.2,327,Unknown,,,Undefined,,,,Undefined,,,,AIS,,,,
23/06/2017 00:00:01,Class A,273336180,56.288615,3.851920,Under way using engine,0.4,10.1,181.6,176,Unknown,,,Undefined,,,,Undefined,,,,AIS,,,,
23/06/2017 00:00:01,Class A,265859000,56.618198,11.084693,Under way using engine,-1.1,13.3,21.7,25,Unknown,,,Undefined,,,,Undefined,,,,AIS,,,,
23/06/2017 00:00:01,Class A,305815000,54.150170,12.123887,Under way using engine,0.0,0.0,252.0,252,Unknown,,,Undefined,,,,Undefined,,,,AIS,,,,
23/06/2017 00:00:01,Class B,219004178,55.007618,14.877323,Unknown value,,7.7,288.5,,Unknown,,,Undefined,,,,Undefined,,,,AIS,,,,
23/06/2017 00:00:01,Class A,219002827,57.715232,10.583118,Engaged in fishing,0.0,0.0,337.8,108,Unknown,,,Undefined,,,,Undefined,,,,AIS,,,,
23/06/2017 00:00:01,Class A,351689000,91.000000,181.000000,Unknown value,,,,,9765859,HPXM,STAR COURAGE,Cargo,,26,189,GPS,8.8,SEHEL,22/06/2017 23:00:00,AIS,146,43,18,8
23/06/2017 00:00:01,Class A,215760000,55.596012,15.283115,Under way using engine,0.0,12.6,60.9,62,Unknown,,,Undefined,,,,Undefined,,,,AIS,,,,
23/06/2017 00:00:01,Class A,265779630,57.670548,11.849412,Unknown value,,0.0,161.0,,Unknown,,,Undefined,,,,Undefined,,,,AIS,,,,
23/06/2017 00:00:01,Class A,219009229,56.447672,11.889470,Engaged in fishing,0.0,2.6,153.6,158,Unknown,,,Undefined,,,,Undefined,,,,AIS,,,,
23/06/2017 00:00:01,Class A,211211270,54.529950,10.413422,Under way using engine,,9.2,245.3,,Unknown,,,Undefined,,,,Undefined,,,,AIS,,,,
23/06/2017 00:00:01,Class A,219837000,91.000000,181.000000,Unknown value,,,,,Unknown,XP4826,T138 POSEIDON GILNET,Fishing,,5,17,GPS,3.5,HJEM.TIL KIRSTEN,,AIS,11,6,3,2
23/06/2017 00:00:01,AtoN,992191519,55.606082,4.491350,Unknown value,,,,,Unknown,,ROLF,Undefined,,,,Undefined,,,,AIS,,,,
23/06/2017 00:00:01,Base Station,2655135,55.478315,13.270352,Unknown value,,,,,Unknown,,,Undefined,,,,Surveyed,,,,AIS,,,,
23/06/2017 00:00:01,Class A,265410000,57.570682,11.433763,Under way using engine,1.1,12.7,254.2,253,Unknown,,,Undefined,,,,Undefined,,,,AIS,,,,
23/06/2017 00:00:01,Class A,265550210,57.618445,11.762573,Unknown value,0.0,0.0,23.7,209,Unknown,,,Undefined,,,,Undefined,,,,AIS,,,,
23/06/2017 00:00:01,Class A,219001543,56.152358,10.220100,Under way using engine,0.0,0.0,288.5,35,Unknown,,,Undefined,,,,Undefined,,,,AIS,,,,
23/06/2017 00:00:01,Class A,219004612,55.568167,10.080000,Moored,0.0,0.1,65.0,306,Unknown,,,Undefined,,,,Undefined,,,,AIS,,,,
23/06/2017 00:00:02,Class A,211755650,57.598873,11.790770,Under way using engine,0.0,0.0,311.4,186,Unknown,,,Undefined,,,,Undefined,,,,AIS,,,,
23/06/2017 00:00:02,Class A,355835000,56.220012,12.255642,Under way sailing,0.0,11.7,127.0,125,Unknown,,,Undefined,,,,Undefined,,,,AIS,,,,
23/06/2017 00:00:02,Class A,211493380,54.629165,8.398862,Under way using engine,0.0,0.0,263.8,262,Unknown,,,Undefined,,,,Undefined,,,,AIS,,,,
23/06/2017 00:00:02,AtoN,992111934,55.015708,7.799922,Unknown value,,,,,Unknown,,BU38 WINDFARM,Undefined,,11,8,Surveyed,,,,AIS,4,4,4,7
23/06/2017 00:00:02,Base Station,2190077,55.149088,14.879118,Unknown value,,,,,Unknown,,,Undefined,,,,GPS,,,,AIS,,,,
23/06/2017 00:00:02,Base Station,2655021,58.357075,11.252868,Unknown value,,,,,Unknown,,,Undefined,,,,Surveyed,,,,AIS,,,,
23/06/2017 00:00:02,Class A,244870327,55.679425,12.639140,Under way using engine,0.0,0.0,0.0,107,Unknown,,,Undefined,,,,Undefined,,,,AIS,,,,
23/06/2017 00:00:02,Class A,219006971,57.216447,11.506263,Engaged in fishing,0.0,0.3,37.5,313,Unknown,,,Undefined,,,,Undefined,,,,AIS,,,,
23/06/2017 00:00:02,Class A,209672000,54.363500,10.157500,Under way using engine,3.6,9.6,102.0,102,Unknown,,,Undefined,,,,Undefined,,,,AIS,,,,
23/06/2017 00:00:02,Base Station,2190067,54.966152,9.552657,Unknown value,,,,,Unknown,,,Undefined,,,,GPS,,,,AIS,,,,
23/06/2017 00:00:02,Class A,219005496,57.717660,10.585933,Engaged in fishing,0.0,0.0,297.8,306,Unknown,,,Undefined,,,,Undefined,,,,AIS,,,,
23/06/2017 00:00:02,Class A,265619980,56.156192,14.828973,Under way using engine,0.0,0.0,36.1,352,Unknown,,,Undefined,,,,Undefined,,,,AIS,,,,
23/06/2017 00:00:02,Class A,219022204,57.123060,8.597765,Under way using engine,0.0,0.0,,61,Unknown,,,Undefined,,,,Undefined,,,,AIS,,,,
23/06/2017 00:00:02,Class A,220574000,57.966110,8.568880,Under way using engine,0.0,37.8,293.1,299,Unknown,,,Undefined,,,,Undefined,,,,AIS,,,,
23/06/2017 00:00:02,Class A,229632000,56.546252,7.012982,Under way using engine,0.0,11.7,26.6,25,Unknown,,,Undefined,,,,Undefined,,,,AIS,,,,
23/06/2017 00:00:02,Class A,219796000,54.920275,15.350650,Engaged in fishing,0.0,5.0,52.9,54,Unknown,,,Undefined,,,,Undefined,,,,AIS,,,,
23/06/2017 00:00:02,Class A,259074000,55.485005,8.376315,Under way using engine,0.0,8.9,265.4,261,Unknown,,,Undefined,,,,Undefined,,,,AIS,,,,
23/06/2017 00:00:02,Class A,255805899,57.306833,8.734500,Under way using engine,-3.6,15.9,238.0,237,Unknown,,,Undefined,,,,Undefined,,,,AIS,,,,
23/06/2017 00:00:02,Class A,477779400,57.641128,11.036655,Under way using engine,0.0,9.8,280.8,280,Unknown,,,Undefined,,,,Undefined,,,,AIS,,,,
23/06/2017 00:00:02,Class A,210852000,55.276900,14.367450,Under way using engine,0.0,10.6,223.0,222,Unknown,,,Undefined,,,,Undefined,,,,AIS,,,,
23/06/2017 00:00:02,Class A,246293000,56.231368,7.198625,Under way using engine,7.5,16.3,28.3,32,Unknown,,,Undefined,,,,Undefined,,,,AIS,,,,
23/06/2017 00:00:02,Class A,211236290,54.371797,10.157885,Under way using engine,0.0,0.0,215.0,144,Unknown,,,Undefined,,,,Undefined,,,,AIS,,,,
23/06/2017 00:00:02,Class A,219000811,54.884247,11.483182,Under way using engine,0.0,0.0,206.7,170,Unknown,,,Undefined,,,,Undefined,,,,AIS,,,,
23/06/2017 00:00:02,AtoN,211175900,54.787380,14.169805,Unknown value,,,,,Unknown,,ARKONA BECKEN,Undefined,,2,2,GPS,,,,AIS,1,1,1,1
23/06/2017 00:00:02,Class A,209350000,55.531407,14.851792,Under way using engine,0.0,10.3,239.0,239,Unknown,,,Undefined,,,,Undefined,,,,AIS,,,,
23/06/2017 00:00:02,Class A,220046000,57.498015,10.976483,Engaged in fishing,0.0,2.4,222.6,225,Unknown,,,Undefined,,,,Undefined,,,,AIS,,,,
23/06/2017 00:00:02,Class A,219022000,57.127317,8.589853,Under way sailing,,10.1,127.2,138,Unknown,,,Undefined,,,,Undefined,,,,AIS,,,,
23/06/2017 00:00:02,Class A,265511420,57.660012,11.765808,Under way using engine,-2.9,25.5,250.3,251,Unknown,,,Undefined,,,,Undefined,,,,AIS,,,,
23/06/2017 00:00:02,Class A,305530000,55.356003,11.031533,Under way using engine,0.0,11.1,180.0,179,Unknown,,,Undefined,,,,Undefined,,,,AIS,,,,
23/06/2017 00:00:02,Class A,371845000,56.705505,8.223442,Under way using engine,0.0,0.0,10.5,343,Unknown,,,Undefined,,,,Undefined,,,,AIS,,,,
23/06/2017 00:00:02,AtoN,992191527,55.715667,4.748498,Unknown value,,,,,Unknown,,TYRA WEST B,Undefined,,,,Undefined,,,,AIS,,,,
23/06/2017 00:00:02,Base Station,2190052,54.872380,11.196938,Unknown value,,,,,Unknown,,,Undefined,,,,GPS,,,,AIS,,,,
23/06/2017 00:00:02,Class A,304201000,56.025920,12.674023,Under way using engine,0.0,11.4,345.0,346,Unknown,,,Undefined,,,,Undefined,,,,AIS,,,,
23/06/2017 00:00:02,Class A,219000546,54.750923,10.670735,Under way using engine,0.0,0.0,329.2,226,Unknown,,,Undefined,,,,Undefined,,,,AIS,,,,
23/06/2017 00:00:02,Class A,266448000,56.004898,12.691187,Under way using engine,,0.7,354.9,296,Unknown,,,Undefined,,,,Undefined,,,,AIS,,,,
23/06/2017 00:00:02,Base Station,2655150,57.694017,12.058728,Unknown value,,,,,Unknown,,,Undefined,,,,Internal,,,,AIS,,,,
23/06/2017 00:00:02,Class A,219006443,57.592467,9.954633,Unknown value,,0.0,188.7,,Unknown,,,Undefined,,,,Undefined,,,,AIS,,,,
23/06/2017 00:00:02,Class B,219015984,55.687852,12.615373,Unknown value,,0.0,152.7,,Unknown,,,Undefined,,,,Undefined,,,,AIS,,,,
23/06/2017 00:00:02,Class A,219000733,54.941717,10.259617,Under way using engine,0.0,0.0,0.0,153,Unknown,,,Undefined,,,,Undefined,,,,AIS,,,,
23/06/2017 00:00:02,Class A,209896000,54.961690,13.942020,Under way using engine,0.0,10.1,352.4,354,Unknown,,,Undefined,,,,Undefined,,,,AIS,,,,
23/06/2017 00:00:02,Class A,265768860,55.756635,12.903550,Unknown value,,0.0,,,Unknown,,,Undefined,,,,Undefined,,,,AIS,,,,
23/06/2017 00:00:02,Class A,265608060,56.662582,12.857140,Under way using engine,0.0,0.0,293.6,22,Unknown,,,Undefined,,,,Undefined,,,,AIS,,,,
23/06/2017 00:00:02,Class A,219017684,55.297165,10.811357,Restricted maneuverability,-0.4,0.0,307.8,47,Unknown,,,Undefined,,,,Undefined,,,,AIS,,,,
23/06/2017 00:00:02,Class A,258407000,55.770265,10.805175,Under way using engine,,6.8,182.6,182,Unknown,,,Undefined,,,,Undefined,,,,AIS,,,,
23/06/2017 00:00:02,Class A,219015127,57.058980,9.882103,Under way using engine,0.0,0.0,356.1,200,Unknown,,,Undefined,,,,Undefined,,,,AIS,,,,
23/06/2017 00:00:02,Class A,211207710,91.000000,181.000000,Unknown value,,,,,Unknown,DBAS,BREMEN,SAR,,7,28,GPS,2.1,ON  DUTY,01/01/2018 00:00:00,AIS,14,14,4,3
23/06/2017 00:00:02,Class A,212356000,54.562790,10.771567,Under way using engine,0.0,11.0,88.1,85,Unknown,,,Undefined,,,,Undefined,,,,AIS,,,,
23/06/2017 00:00:02,Class A,219011922,55.440058,12.673028,Under way using engine,0.0,9.6,188.6,190,Unknown,,,Undefined,,,,Undefined,,,,AIS,,,,
23/06/2017 00:00:02,Class A,210318000,55.383133,14.513337,Under way using engine,1.1,11.2,220.1,220,Unknown,,,Undefined,,,,Undefined,,,,AIS,,,,
23/06/2017 00:00:02,Class A,311945000,57.810550,10.639133,Under way using engine,0.0,8.1,269.0,268,Unknown,,,Undefined,,,,Undefined,,,,AIS,,,,
23/06/2017 00:00:02,Class A,218802000,54.813265,12.831597,Under way using engine,0.0,9.0,250.6,248,Unknown,,,Undefined,,,,Undefined,,,,AIS,,,,
23/06/2017 00:00:02,Class B,219002823,91.000000,181.000000,Unknown value,,,,,Unknown,XP4220,,Fishing,,4,12,Undefined,,,,AIS,4,8,2,2
23/06/2017 00:00:02,Class A,219000022,57.213290,9.686613,Unknown value,,0.1,0.0,,Unknown,,,Undefined,,,,Undefined,,,,AIS,,,,
23/06/2017 00:00:02,AtoN,992111927,54.985200,13.217067,Unknown value,,,,,Unknown,,BALTIC2 WINDFARMB2N5,Undefined,,12,8,Surveyed,,,,AIS,4,4,4,8
23/06/2017 00:00:02,AtoN,992111888,54.834558,14.074008,Unknown value,,,,,Unknown,,WK OSS PLATFORM,Undefined,,64,73,Surveyed,,,,AIS,38,35,34,30
23/06/2017 00:00:02,Class A,563003500,56.278140,3.395390,Unknown value,0.0,0.0,151.1,49,Unknown,,,Undefined,,,,Undefined,,,,AIS,,,,
23/06/2017 00:00:02,Class A,219000674,54.891768,10.412637,Under way using engine,0.0,0.0,274.0,215,Unknown,,,Undefined,,,,Undefined,,,,AIS,,,,
23/06/2017 00:00:02,Class A,255805933,55.635618,13.024642,Under way using engine,0.0,0.0,140.0,262,Unknown,,,Undefined,,,,Undefined,,,,AIS,,,,
23/06/2017 00:00:02,Class A,220323000,56.729545,11.991120,Engaged in fishing,0.0,2.5,52.0,57,Unknown,,,Undefined,,,,Undefined,,,,AIS,,,,
23/06/2017 00:00:02,Class A,255805907,55.202690,11.094290,Under way using engine,,18.6,204.4,206,Unknown,,,Undefined,,,,Undefined,,,,AIS,,,,
23/06/2017 00:00:02,Class A,477962200,56.250500,12.143500,Under way using engine,0.0,6.6,119.0,118,Unknown,,,Undefined,,,,Undefined,,,,AIS,,,,
23/06/2017 00:00:02,Class A,219001703,55.432225,8.285023,Under way sailing,0.0,2.7,114.4,123,Unknown,,,Undefined,,,,Undefined,,,,AIS,,,,
23/06/2017 00:00:02,Base Station,2614500,54.242845,15.872708,Unknown value,,,,,Unknown,,,Undefined,,,,GPS,,,,AIS,,,,
23/06/2017 00:00:02,Class A,219517000,56.181597,12.282490,Under way using engine,0.0,6.7,268.9,269,Unknown,,,Undefined,,,,Undefined,,,,AIS,,,,
23/06/2017 00:00:02,Class A,219013538,58.018737,9.696430,Engaged in fishing,0.0,2.6,61.1,67,Unknown,,,Undefined,,,,Undefined,,,,AIS,,,,
23/06/2017 00:00:02,Class B,219007577,57.592910,9.955625,Unknown value,,0.0,97.9,97,Unknown,,KR 105 CAMILLA II,Fishing,,4,11,GPS,,,,AIS,9,2,2,2
23/06/2017 00:00:02,Base Station,2190065,91.000000,181.000000,Unknown value,,,,,Unknown,,,Undefined,,,,Undefined,,,,AIS,,,,
23/06/2017 00:00:02,Class A,2190045,55.464255,8.448027,Unknown value,,0.0,316.1,,Unknown,,,Undefined,,,,Undefined,,,,AIS,,,,
23/06/2017 00:00:02,Class A,636091934,56.619842,7.679528,Under way using engine,0.0,17.3,213.5,211,Unknown,,,Undefined,,,,Undefined,,,,AIS,,,,
23/06/2017 00:00:02,Class A,265514130,57.704133,11.939807,Under way using engine,0.0,0.0,338.2,250,Unknown,,,Undefined,,,,Undefined,,,,AIS,,,,
23/06/2017 00:00:02,Class A,230650000,54.137950,12.096350,Moored,0.0,0.0,235.0,359,Unknown,,,Undefined,,,,Undefined,,,,AIS,,,,
23/06/2017 00:00:02,Base Station,2190065,91.000000,181.000000,Unknown value,,,,,Unknown,,,Undefined,,,,Undefined,,,,AIS,,,,
23/06/2017 00:00:02,Class A,219015579,57.242562,8.898982,Restricted maneuverability,0.0,5.7,241.5,242,Unknown,,,Undefined,,,,Undefined,,,,AIS,,,,
23/06/2017 00:00:02,Class A,230643000,55.347878,14.451377,Under way using engine,0.0,19.9,215.2,214,Unknown,,,Undefined,,,,Undefined,,,,AIS,,,,
23/06/2017 00:00:02,Class A,229844000,57.646912,9.125257,Under way using engine,0.0,17.5,78.3,79,Unknown,,,Undefined,,,,Undefined,,,,AIS,,,,
23/06/2017 00:00:02,Class A,219016906,55.092988,10.241508,Under way using engine,0.0,0.0,281.9,46,Unknown,,,Undefined,,,,Undefined,,,,AIS,,,,
23/06/2017 00:00:02,Class A,219449000,55.717003,4.842200,Under way using engine,0.0,1.2,318.0,324,Unknown,,,Undefined,,,,Undefined,,,,AIS,,,,
23/06/2017 00:00:02,Class A,249412000,56.881167,7.987333,Under way using engine,0.0,16.4,213.0,209,Unknown,,,Undefined,,,,Undefined,,,,AIS,,,,
23/06/2017 00:00:02,Base Station,2190074,57.738657,10.574665,Unknown value,,,,,Unknown,,,Undefined,,,,GPS,,,,AIS,,,,
23/06/2017 00:00:02,Class B,211179790,56.803033,9.017962,Unknown value,,0.0,0.0,,Unknown,,,Undefined,,,,Undefined,,,,AIS,,,,
23/06/2017 00:00:02,Class A,219002136,56.368442,8.120517,Engaged in fishing,0.0,0.0,351.4,95,Unknown,,,Undefined,,,,Undefined,,,,AIS,,,,
23/06/2017 00:00:02,Class A,219011857,55.880550,11.136540,Under way using engine,,0.0,,,Unknown,,,Undefined,,,,Undefined,,,,AIS,,,,
23/06/2017 00:00:02,Class A,248676000,55.743717,12.691600,Under way using engine,0.0,12.0,13.0,14,Unknown,,,Undefined,,,,Undefined,,,,AIS,,,,
23/06/2017 00:00:02,Class A,219005583,54.941740,10.258677,Engaged in fishing,0.0,0.0,177.0,109,Unknown,,,Undefined,,,,Undefined,,,,AIS,,,,
23/06/2017 00:00:02,Class A,235081745,56.808053,11.829155,Under way using engine,0.0,11.9,157.2,160,Unknown,,,Undefined,,,,Undefined,,,,AIS,,,,
23/06/2017 00:00:02,Class A,246167000,58.162905,9.511530,Under way using engine,0.0,16.9,218.0,218,Unknown,,,Undefined,,,,Undefined,,,,AIS,,,,
23/06/2017 00:00:02,Class A,265501910,57.693490,11.913318,Under way using engine,0.0,0.0,323.8,136,Unknown,,,Undefined,,,,Undefined,,,,AIS,,,,
23/06/2017 00:00:02,Class B,265561620,57.695363,11.686405,Unknown value,,0.0,0.0,,Unknown,,,Undefined,,,,Undefined,,,,AIS,,,,
23/06/2017 00:00:02,Class A,265705100,55.756645,12.903382,Unknown value,,0.0,305.7,,Unknown,,,Undefined,,,,Undefined,,,,AIS,,,,
23/06/2017 00:00:02,Class A,219000859,56.803627,9.021800,Under way using engine,0.0,0.1,48.9,145,Unknown,,,Undefined,,,,Undefined,,,,AIS,,,,
23/06/2017 00:00:02,Class A,265527920,57.767307,11.629690,Unknown value,0.0,9.9,300.4,303,Unknown,,,Undefined,,,,Undefined,,,,AIS,,,,
23/06/2017 00:00:02,Class A,219010989,57.119117,8.592633,Unknown value,0.0,0.0,297.0,150,Unknown,,,Undefined,,,,Undefined,,,,AIS,,,,
23/06/2017 00:00:02,Class A,266343000,55.892102,10.905398,Under way using engine,0.0,17.1,221.3,219,Unknown,,,Undefined,,,,Undefined,,,,AIS,,,,
23/06/2017 00:00:02,Class A,219000407,57.296733,10.921433,Under way using engine,0.0,0.0,0.0,192,Unknown,,,Undefined,,,,Undefined,,,,AIS,,,,
23/06/2017 00:00:02,Class A,304011027,56.588607,11.059377,Under way using engine,0.0,10.9,353.8,356,Unknown,,,Undefined,,,,Undefined,,,,AIS,,,,
23/06/2017 00:00:02,Class A,220242000,55.306217,8.473712,Engaged in fishing,0.0,3.3,85.9,83,Unknown,,,Undefined,,,,Undefined,,,,AIS,,,,
23/06/2017 00:00:02,Class A,219004263,54.571682,11.928873,Under way using engine,0.0,0.0,267.8,144,Unknown,,,Undefined,,,,Undefined,,,,AIS,,,,
23/06/2017 00:00:02,Class A,219014162,57.122435,8.600513,Engaged in fishing,0.0,0.0,154.5,149,Unknown,,,Undefined,,,,Undefined,,,,AIS,,,,
23/06/2017 00:00:02,Class A,219004596,56.533665,10.713775,Engaged in fishing,0.0,0.0,0.0,357,Unknown,,,Undefined,,,,Undefined,,,,AIS,,,,
23/06/2017 00:00:02,Class A,219380000,55.793480,12.523407,Unknown value,,0.0,0.0,,Unknown,,,Undefined,,,,Undefined,,,,AIS,,,,
23/06/2017 00:00:02,Class A,219018405,57.716110,10.586280,Engaged in fishing,0.0,0.0,292.1,54,Unknown,,,Undefined,,,,Undefined,,,,AIS,,,,
23/06/2017 00:00:02,Class A,311164000,54.600167,11.073233,Under way using engine,-7.5,8.1,265.0,260,Unknown,,,Undefined,,,,Undefined,,,,AIS,,,,
23/06/2017 00:00:02,Class A,219000892,54.654767,11.345633,Under way using engine,0.0,0.0,180.3,151,Unknown,,,Undefined,,,,Undefined,,,,AIS,,,,
23/06/2017 00:00:02,Class A,245258000,54.600705,14.348580,Under way using engine,0.0,15.2,106.3,106,Unknown,,,Undefined,,,,Undefined,,,,AIS,,,,
23/06/2017 00:00:02,Class A,219017733,57.719832,10.593795,Under way using engine,0.0,0.0,230.0,238,Unknown,,,Undefined,,,,Undefined,,,,AIS,,,,
23/06/2017 00:00:02,Class A,246843000,56.052133,16.423267,Under way using engine,0.0,12.4,240.0,241,Unknown,,,Undefined,,,,Undefined,,,,AIS,,,,
23/06/2017 00:00:02,Class A,255805700,55.955608,7.090407,Under way using engine,0.0,16.9,22.0,22,Unknown,,,Undefined,,,,Undefined,,,,AIS,,,,
23/06/2017 00:00:02,Class A,219941000,57.024113,8.193063,Under way using engine,0.0,9.1,0.4,359,Unknown,,,Undefined,,,,Undefined,,,,AIS,,,,
23/06/2017 00:00:02,Class A,219002587,55.254272,12.373167,Under way using engine,0.0,0.0,355.1,182,Unknown,,,Undefined,,,,Undefined,,,,AIS,,,,
23/06/2017 00:00:02,Class A,219007456,56.716462,11.510795,Under way using engine,0.0,0.0,318.9,58,Unknown,,,Undefined,,,,Undefined,,,,AIS,,,,
23/06/2017 00:00:02,Class A,258849000,55.380195,14.527255,Under way using engine,-2.2,13.6,217.9,217,Unknown,,,Undefined,,,,Undefined,,,,AIS,,,,
23/06/2017 00:00:02,Class A,305761000,54.453762,12.146208,Under way using engine,0.0,9.7,249.9,248,Unknown,,,Undefined,,,,Undefined,,,,AIS,,,,
23/06/2017 00:00:02,Class A,220232000,55.472700,8.427133,Under way using engine,0.0,0.0,128.6,147,Unknown,,,Undefined,,,,Undefined,,,,AIS,,,,
23/06/2017 00:00:02,Class A,219438000,56.482353,4.910685,Reserved for future amendment [HSC],,0.0,349.0,,Unknown,,,Undefined,,,,Undefined,,,,AIS,,,,
23/06/2017 00:00:02,Class A,219007606,57.122857,8.597782,Under way using engine,,0.0,317.6,,Unknown,,,Undefined,,,,Undefined,,,,AIS,,,,
23/06/2017 00:00:02,Class A,311055400,57.106107,11.637518,Under way using engine,-1.1,11.6,159.8,159,Unknown,,,Undefined,,,,Undefined,,,,AIS,,,,
23/06/2017 00:00:02,Class A,261002431,54.678717,15.398350,Not under command,,0.4,309.7,,Unknown,,,Undefined,,,,Undefined,,,,AIS,,,,
23/06/2017 00:00:02,Class A,219001182,55.822562,10.063923,Under way sailing,0.0,0.0,340.1,273,Unknown,,,Undefined,,,,Undefined,,,,AIS,,,,
23/06/2017 00:00:02,Class A,308322000,56.406542,12.007660,Under way using engine,0.0,11.7,167.0,166,Unknown,,,Undefined,,,,Undefined,,,,AIS,,,,
23/06/2017 00:00:02,Class A,219014875,55.589702,10.487975,Under way using engine,0.0,10.8,137.3,135,Unknown,,,Undefined,,,,Undefined,,,,AIS,,,,
23/06/2017 00:00:02,Class A,220128000,55.987770,8.098343,Unknown value,,4.7,325.0,301,Unknown,,,Undefined,,,,Undefined,,,,AIS,,,,
23/06/2017 00:00:02,Class B,219007348,91.000000,181.000000,Unknown value,,,,,Unknown,,HM42 LUNA,Undefined,,,,Undefined,,,,AIS,,,,
23/06/2017 00:00:02,Class A,219002786,56.000522,8.128873,Under way using engine,0.0,0.0,22.1,306,Unknown,,,Undefined,,,,Undefined,,,,AIS,,,,
23/06/2017 00:00:02,Class A,211222750,54.176418,12.097092,Under way using engine,,0.0,291.6,,Unknown,,,Undefined,,,,Undefined,,,,AIS,,,,
23/06/2017 00:00:02,Class A,219002349,55.469772,10.538020,Restricted maneuverability,,0.0,266.9,,Unknown,,,Undefined,,,,Undefined,,,,AIS,,,,
23/06/2017 00:00:02,Base Station,2655148,57.108762,12.390500,Unknown value,,,,,Unknown,,,Undefined,,,,Surveyed,,,,AIS,,,,
23/06/2017 00:00:02,Class A,220550000,56.008717,12.632083,Under way using engine,0.0,8.3,177.0,177,Unknown,,,Undefined,,,,Undefined,,,,AIS,,,,
23/06/2017 00:00:02,Class B,219022581,55.612343,12.399015,Unknown value,,0.0,336.1,,Unknown,,,Undefined,,,,Undefined,,,,AIS,,,,
23/06/2017 00:00:03,Class A,230663000,57.810040,11.256535,Under way using engine,0.0,9.9,341.5,340,Unknown,,,Undefined,,,,Undefined,,,,AIS,,,,
23/06/2017 00:00:03,Class A,370160000,56.051217,7.991167,Under way using engine,0.0,2.3,187.7,182,Unknown,,,Undefined,,,,Undefined,,,,AIS,,,,
23/06/2017 00:00:03,Class A,219007596,55.333347,11.134798,Engaged in fishing,0.0,0.0,308.6,248,Unknown,,,Undefined,,,,Undefined,,,,AIS,,,,
23/06/2017 00:00:03,Class A,219017815,55.965943,11.844738,Under way using engine,0.0,0.0,299.6,245,Unknown,,,Undefined,,,,Undefined,,,,AIS,,,,
23/06/2017 00:00:03,Class A,219005671,57.120672,8.600295,Engaged in fishing,,0.0,,,Unknown,,,Undefined,,,,Undefined,,,,AIS,,,,
23/06/2017 00:00:03,Class A,211543720,54.371227,12.728400,Under way using engine,,0.0,194.9,,Unknown,,,Undefined,,,,Undefined,,,,AIS,,,,
23/06/2017 00:00:03,Class A,245877000,54.335025,10.154768,Under way sailing,,0.0,251.9,,Unknown,,,Undefined,,,,Undefined,,,,AIS,,,,
23/06/2017 00:00:03,Class A,219536000,56.003393,8.121510,Engaged in fishing,0.0,0.0,53.0,154,Unknown,,,Undefined,,,,Undefined,,,,AIS,,,,
23/06/2017 00:00:03,Class B,269101940,91.000000,181.000000,Unknown value,,,,,Unknown,,ROLLING SWISS II,Undefined,,,,Undefined,,,,AIS,,,,
23/06/2017 00:00:03,Class A,353205000,56.544052,11.675048,Under way using engine,0.0,12.2,29.0,28,Unknown,,,Undefined,,,,Undefined,,,,AIS,,,,
23/06/2017 00:00:03,Class A,219593000,54.765647,12.678407,Restricted maneuverability,0.0,7.9,236.3,233,Unknown,,,Undefined,,,,Undefined,,,,AIS,,,,
23/06/2017 00:00:03,Class A,211303110,54.753600,9.864050,Unknown value,0.0,0.0,266.7,207,Unknown,,,Undefined,,,,Undefined,,,,AIS,,,,
23/06/2017 00:00:03,Class A,205599000,54.829350,14.065533,Restricted maneuverability,0.0,0.0,18.0,306,Unknown,,,Undefined,,,,Undefined,,,,AIS,,,,
23/06/2017 00:00:03,Class A,219330000,56.695037,8.220088,Engaged in fishing,0.0,0.0,95.1,75,Unknown,,,Undefined,,,,Undefined,,,,AIS,,,,
23/06/2017 00:00:03,Class A,265874000,55.033002,12.746775,Under way using engine,0.0,12.3,218.2,215,Unknown,,,Undefined,,,,Undefined,,,,AIS,,,,
23/06/2017 00:00:03,Class A,219007366,55.058798,10.619617,Restricted maneuverability,0.0,0.0,36.5,221,Unknown,,,Undefined,,,,Undefined,,,,AIS,,,,
23/06/2017 00:00:03,Class A,309412000,57.354308,11.510490,Under way using engine,0.0,13.3,342.0,342,Unknown,,,Undefined,,,,Undefined,,,,AIS,,,,
23/06/2017 00:00:03,Class B,219009244,57.658693,9.228068,Unknown value,,2.6,85.2,,Unknown,,,Undefined,,,,Undefined,,,,AIS,,,,
23/06/2017 00:00:03,Class A,265571320,57.704507,11.939518,Unknown value,0.0,0.0,288.7,249,Unknown,,,Undefined,,,,Undefined,,,,AIS,,,,
23/06/2017 00:00:03,Class A,230984000,55.768160,10.799197,Under way using engine,-2.9,14.6,178.4,179,Unknown,,,Undefined,,,,Undefined,,,,AIS,,,,
23/06/2017 00:00:03,Class A,218162000,57.119645,8.593107,Under way using engine,0.0,0.0,332.3,238,Unknown,,,Undefined,,,,Undefined,,,,AIS,,,,
23/06/2017 00:00:03,Class A,375052000,56.683895,8.225592,Moored,0.0,0.0,278.0,284,Unknown,,,Undefined,,,,Undefined,,,,AIS,,,,
23/06/2017 00:00:03,Class A,236002000,58.091527,10.744142,Under way using engine,0.0,9.3,354.6,351,Unknown,,,Undefined,,,,Undefined,,,,AIS,,,,
23/06/2017 00:00:03,Class B,211658740,54.892117,12.046802,Unknown value,,0.0,11.8,,Unknown,,,Undefined,,,,Undefined,,,,AIS,,,,
23/06/2017 00:00:03,Class A,257571600,57.866110,7.818950,Under way using engine,0.0,11.0,281.7,284,Unknown,,,Undefined,,,,Undefined,,,,AIS,,,,
23/06/2017 00:00:03,Class A,246441000,55.346203,15.665940,Under way using engine,0.0,11.8,104.3,103,Unknown,,,Undefined,,,,Undefined,,,,AIS,,,,
23/06/2017 00:00:03,Class A,220446000,55.847535,5.323903,Under way using engine,-3.6,11.6,285.0,288,Unknown,,,Undefined,,,,Undefined,,,,AIS,,,,
23/06/2017 00:00:03,Class A,219002769,56.409283,10.925353,Under way using engine,0.0,0.0,226.8,39,Unknown,,,Undefined,,,,Undefined,,,,AIS,,,,
23/06/2017 00:00:03,Class B,269101940,91.000000,181.000000,Unknown value,,,,,Unknown,HBY4398,ROLLING SWISS II,Pleasure,,4,14,Undefined,,,,AIS,12,2,2,2
23/06/2017 00:00:03,Class A,229044000,54.859473,14.047102,Unknown value,0.0,0.1,58.0,337,Unknown,,,Undefined,,,,Undefined,,,,AIS,,,,
23/06/2017 00:00:03,Class A,219017917,54.937638,10.702833,Under way using engine,0.0,0.0,174.8,173,Unknown,,,Undefined,,,,Undefined,,,,AIS,,,,
23/06/2017 00:00:03,Class A,305706000,57.714545,10.185138,Under way using engine,0.0,10.4,246.4,246,Unknown,,,Undefined,,,,Undefined,,,,AIS,,,,
23/06/2017 00:00:03,Class A,220341000,57.417627,11.359342,Unknown value,0.0,2.4,341.7,333,Unknown,,,Undefined,,,,Undefined,,,,AIS,,,,
23/06/2017 00:00:03,Class A,219837000,57.122827,8.601603,Engaged in fishing,0.0,0.0,336.8,330,Unknown,XP4826,T138 POSEIDON GILNET,Fishing,,5,17,GPS,3.5,HJEM.TIL KIRSTEN,,AIS,11,6,3,2
23/06/2017 00:00:03,Class A,219954000,55.276918,11.059602,Under way using engine,-1.1,16.4,154.9,154,Unknown,,,Undefined,,,,Undefined,,,,AIS,,,,
23/06/2017 00:00:03,Class A,304219000,57.800253,8.211058,Under way using engine,0.0,11.5,62.9,61,Unknown,,,Undefined,,,,Undefined,,,,AIS,,,,
23/06/2017 00:00:03,Class A,255805656,54.671167,14.877167,Under way using engine,0.0,12.8,262.0,260,Unknown,,,Undefined,,,,Undefined,,,,AIS,,,,
23/06/2017 00:00:03,Class A,246264000,57.792975,10.407430,Under way using engine,0.0,10.8,245.5,245,Unknown,,,Undefined,,,,Undefined,,,,AIS,,,,
23/06/2017 00:00:03,Class A,246483000,57.748333,11.334667,Under way using engine,-1.1,11.4,343.0,345,Unknown,,,Undefined,,,,Undefined,,,,AIS,,,,
23/06/2017 00:00:03,Class A,259372000,56.234883,12.286083,Under way using engine,0.0,14.4,305.3,305,Unknown,,,Undefined,,,,Undefined,,,,AIS,,,,
23/06/2017 00:00:03,Base Station,2190073,57.268818,11.052780,Unknown value,,,,,Unknown,,,Undefined,,,,GPS,,,,AIS,,,,
23/06/2017 00:00:03,Class A,219171000,55.711563,4.758840,Under way using engine,0.0,0.2,179.2,315,Unknown,,,Undefined,,,,Undefined,,,,AIS,,,,
23/06/2017 00:00:03,AtoN,992191518,55.767517,4.648298,Unknown value,,,,,Unknown,,ROAR,Undefined,,,,Undefined,,,,AIS,,,,
23/06/2017 00:00:03,Class A,209770000,56.264455,7.361125,Under way using engine,0.0,10.4,212.1,211,Unknown,,,Undefined,,,,Undefined,,,,AIS,,,,
23/06/2017 00:00:03,Class A,219338000,55.478390,8.420983,Under way using engine,0.0,0.1,238.6,61,Unknown,,,Undefined,,,,Undefined,,,,AIS,,,,
23/06/2017 00:00:03,Class A,219002418,55.212328,14.972005,Under way using engine,,0.0,37.5,,Unknown,,,Undefined,,,,Undefined,,,,AIS,,,,
23/06/2017 00:00:03,Class A,219002176,55.560192,9.753822,Under way using engine,,0.1,312.8,,Unknown,,,Undefined,,,,Undefined,,,,AIS,,,,
23/06/2017 00:00:03,Class A,266252000,54.824667,12.485333,Under way using engine,-1.1,17.2,209.0,208,Unknown,,,Undefined,,,,Undefined,,,,AIS,,,,
23/06/2017 00:00:03,Class A,310051000,57.762833,9.845333,Under way using engine,0.0,10.6,86.0,88,Unknown,,,Undefined,,,,Undefined,,,,AIS,,,,
23/06/2017 00:00:03,Class A,636091394,54.618012,14.688398,Under way using engine,0.0,19.9,81.2,82,Unknown,,,Undefined,,,,Undefined,,,,AIS,,,,
23/06/2017 00:00:03,Class A,231336000,54.892280,12.041783,Under way using engine,0.0,0.0,340.1,100,Unknown,,,Undefined,,,,Undefined,,,,AIS,,,,
23/06/2017 00:00:03,Class A,3638,91.000000,181.000000,Unknown value,,,,,Unknown,,,Undefined,,,,Undefined,,,,AIS,,,,
23/06/2017 00:00:03,Class A,219001261,56.148000,10.217500,Under way using engine,0.0,0.0,341.0,36,Unknown,,,Undefined,,,,Undefined,,,,AIS,,,,
23/06/2017 00:00:03,Class A,265630560,55.521465,12.892335,Under way using engine,0.0,0.0,352.5,4,Unknown,,,Undefined,,,,Undefined,,,,AIS,,,,
23/06/2017 00:00:03,Class A,304783000,57.697567,7.788253,Under way using engine,0.0,14.0,94.0,92,Unknown,,,Undefined,,,,Undefined,,,,AIS,,,,
23/06/2017 00:00:03,Class A,257211000,55.243350,15.398365,Restricted maneuverability,0.0,0.9,258.0,187,Unknown,,,Undefined,,,,Undefined,,,,AIS,,,,
23/06/2017 00:00:03,Class A,266439000,55.768705,10.451732,Under way using engine,0.0,8.0,216.0,214,Unknown,,,Undefined,,,,Undefined,,,,AIS,,,,
23/06/2017 00:00:03,Class B,211296840,91.000000,181.000000,Unknown value,,,,,Unknown,,SUVILULLU,Undefined,,,,Undefined,,,,AIS,,,,
23/06/2017 00:00:03,Class A,305286000,55.673792,10.611437,Under way using engine,,8.9,138.4,,Unknown,,,Undefined,,,,Undefined,,,,AIS,,,,
23/06/2017 00:00:03,Class A,244621000,57.495845,9.474835,Under way using engine,-1.1,11.3,60.6,60,Unknown,,,Undefined,,,,Undefined,,,,AIS,,,,
23/06/2017 00:00:03,Class A,566295000,55.576392,14.694630,Under way using engine,0.0,12.4,206.9,206,Unknown,,,Undefined,,,,Undefined,,,,AIS,,,,
23/06/2017 00:00:03,Class A,219022256,54.572012,11.928798,Under way using engine,0.0,0.0,226.6,206,Unknown,,,Undefined,,,,Undefined,,,,AIS,,,,
23/06/2017 00:00:03,Class A,219948000,57.720242,10.592065,Engaged in fishing,0.0,0.0,355.8,62,Unknown,,,Undefined,,,,Undefined,,,,AIS,,,,
23/06/2017 00:00:03,Class A,220339000,91.000000,181.000000,Unknown value,,,,,Unknown,OZNK,R 60 TASMANIA,Fishing,,6,17,GPS,,FISKERI,,AIS,13,4,3,3
23/06/2017 00:00:03,Class A,265610950,55.552217,12.792743,Under way using engine,,25.0,42.2,43,Unknown,,,Undefined,,,,Undefined,,,,AIS,,,,
23/06/2017 00:00:03,Class A,219240000,56.972833,7.592600,Engaged in fishing,0.0,2.7,151.1,158,Unknown,,,Undefined,,,,Undefined,,,,AIS,,,,
23/06/2017 00:00:03,Class A,246058000,57.592167,9.981833,Restricted maneuverability,,0.3,42.0,100,Unknown,,,Undefined,,,,Undefined,,,,AIS,,,,
23/06/2017 00:00:03,Class A,220619000,55.807917,10.645278,Under way using engine,0.0,0.0,92.4,50,Unknown,,,Undefined,,,,Undefined,,,,AIS,,,,
23/06/2017 00:00:03,Class A,220385000,55.047202,11.471963,Under way using engine,2.2,7.8,128.2,129,Unknown,,,Undefined,,,,Undefined,,,,AIS,,,,
23/06/2017 00:00:03,Class A,266331000,55.955002,11.006855,Under way using engine,0.0,18.4,36.2,39,Unknown,,,Undefined,,,,Undefined,,,,AIS,,,,
23/06/2017 00:00:03,Class A,219001559,57.041577,7.685468,Engaged in fishing,0.0,0.6,19.4,75,Unknown,,,Undefined,,,,Undefined,,,,AIS,,,,
23/06/2017 00:00:03,AtoN,992111928,54.978833,13.118967,Unknown value,,,,,Unknown,,BALTIC2 WINDFARMB2E1,Undefined,,12,8,Surveyed,,,,AIS,4,4,4,8
23/06/2017 00:00:03,Class A,261004390,54.756610,14.781617,Engaged in fishing,,3.4,67.3,,Unknown,,,Undefined,,,,Undefined,,,,AIS,,,,
23/06/2017 00:00:03,Class A,219876000,55.858475,12.832297,Under way using engine,0.0,0.0,62.0,74,Unknown,,,Undefined,,,,Undefined,,,,AIS,,,,
23/06/2017 00:00:03,Class A,314011000,55.348668,11.030262,Under way using engine,0.0,15.0,180.0,179,Unknown,,,Undefined,,,,Undefined,,,,AIS,,,,
23/06/2017 00:00:03,Class A,219001013,56.990248,10.308488,Under way using engine,0.0,0.0,337.8,193,Unknown,,,Undefined,,,,Undefined,,,,AIS,,,,
23/06/2017 00:00:03,Class A,220099000,56.694102,11.747678,Engaged in fishing,0.0,2.4,44.8,49,Unknown,,,Undefined,,,,Undefined,,,,AIS,,,,
23/06/2017 00:00:03,Class A,219000547,55.560127,9.753440,Under way using engine,0.0,0.0,358.2,328,Unknown,,,Undefined,,,,Undefined,,,,AIS,,,,
23/06/2017 00:00:03,Class A,309272000,54.789897,13.970648,Under way using engine,0.0,12.0,167.6,168,Unknown,,,Undefined,,,,Undefined,,,,AIS,,,,
23/06/2017 00:00:03,Class A,246594000,55.836318,15.763370,Under way using engine,0.0,10.8,240.1,239,Unknown,,,Undefined,,,,Undefined,,,,AIS,,,,
23/06/2017 00:00:03,Class A,271002639,57.690783,7.706150,Under way using engine,0.0,12.7,90.0,89,Unknown,,,Undefined,,,,Undefined,,,,AIS,,,,
23/06/2017 00:00:03,Class A,219002413,55.963373,11.846025,Restricted maneuverability,,0.1,157.5,,Unknown,,,Undefined,,,,Undefined,,,,AIS,,,,
23/06/2017 00:00:03,Class A,211231260,54.180287,12.087335,Under way using engine,,0.0,305.3,,Unknown,,,Undefined,,,,Undefined,,,,AIS,,,,
23/06/2017 00:00:03,Class A,219106000,57.592770,9.972085,Unknown value,0.0,0.0,283.3,134,Unknown,,,Undefined,,,,Undefined,,,,AIS,,,,
23/06/2017 00:00:03,Class A,219017664,56.974937,8.922510,Under way using engine,0.0,0.0,344.4,202,Unknown,,,Undefined,,,,Undefined,,,,AIS,,,,
23/06/2017 00:00:03,Class A,266315000,56.001817,14.731183,Engaged in fishing,0.0,0.0,335.9,212,Unknown,,,Undefined,,,,Undefined,,,,AIS,,,,
23/06/2017 00:00:03,Class A,636092478,54.747500,13.724333,Under way using engine,2.9,19.5,286.0,285,Unknown,,,Undefined,,,,Undefined,,,,AIS,,,,
23/06/2017 00:00:03,Class A,219002881,56.715750,11.512500,Engaged in fishing,,0.0,25.3,,Unknown,,,Undefined,,,,Undefined,,,,AIS,,,,
23/06/2017 00:00:03,Class A,636091854,54.364503,10.170848,Under way using engine,-8.7,11.2,42.1,36,Unknown,,,Undefined,,,,Undefined,,,,AIS,,,,
23/06/2017 00:00:03,Class A,247229700,55.540572,10.857567,Under way using engine,0.0,15.9,339.7,339,Unknown,,,Undefined,,,,Undefined,,,,AIS,,,,
23/06/2017 00:00:03,Class A,219592000,57.567267,11.563550,Under way using engine,0.0,17.1,157.9,159,Unknown,,,Undefined,,,,Undefined,,,,AIS,,,,
23/06/2017 00:00:03,Class A,538005467,55.742840,15.438963,Under way using engine,0.0,14.8,240.0,236,Unknown,,,Undefined,,,,Undefined,,,,AIS,,,,
23/06/2017 00:00:03,Class A,220369000,56.004730,8.122887,Unknown value,,0.0,329.0,,Unknown,,,Undefined,,,,Undefined,,,,AIS,,,,
23/06/2017 00:00:03,Class A,265759020,55.675622,13.058627,Unknown value,,0.0,343.0,,Unknown,,,Undefined,,,,Undefined,,,,AIS,,,,
23/06/2017 00:00:03,Class A,311000263,55.032833,12.764950,Restricted maneuverability,6.4,3.8,13.6,21,Unknown,,,Undefined,,,,Undefined,,,,AIS,,,,
23/06/2017 00:00:03,Class A,220278000,57.513498,11.053448,Engaged in fishing,0.0,2.6,238.0,239,Unknown,,,Undefined,,,,Undefined,,,,AIS,,,,
23/06/2017 00:00:03,Class A,240350000,55.471175,12.691038,Under way using engine,0.0,7.5,205.5,206,Unknown,,,Undefined,,,,Undefined,,,,AIS,,,,
23/06/2017 00:00:03,Class A,219004161,57.530330,11.006040,Engaged in fishing,0.0,2.7,244.1,238,Unknown,,,Undefined,,,,Undefined,,,,AIS,,,,
23/06/2017 00:00:03,Class A,247604000,54.601063,11.113020,Under way using engine,-3.6,12.1,267.5,264,Unknown,,,Undefined,,,,Undefined,,,,AIS,,,,
23/06/2017 00:00:03,Class A,211149000,54.531588,12.278767,Under way using engine,0.0,11.5,19.0,20,Unknown,,,Undefined,,,,Undefined,,,,AIS,,,,
23/06/2017 00:00:03,Class B,219010246,91.000000,181.000000,Unknown value,,,,,Unknown,,EGON P,Undefined,,,,Undefined,,,,AIS,,,,
23/06/2017 00:00:03,Class A,229334000,57.780442,10.489255,Under way using engine,0.0,12.4,80.0,76,Unknown,,,Undefined,,,,Undefined,,,,AIS,,,,
23/06/2017 00:00:03,Class A,219014161,55.423505,8.342385,Engaged in fishing,,3.4,331.3,306,Unknown,,,Undefined,,,,Undefined,,,,AIS,,,,
23/06/2017 00:00:03,Class A,240305000,55.652783,15.402200,Under way using engine,0.0,12.3,255.0,255,Unknown,,,Undefined,,,,Undefined,,,,AIS,,,,
23/06/2017 00:00:03,Class A,220024000,56.005617,8.122638,Engaged in fishing,0.0,0.0,325.8,245,Unknown,,,Undefined,,,,Undefined,,,,AIS,,,,
23/06/2017 00:00:03,Class A,245271000,55.861512,15.065913,Under way using engine,0.0,9.6,112.4,113,Unknown,,,Undefined,,,,Undefined,,,,AIS,,,,
23/06/2017 00:00:03,Class A,219015793,55.578245,12.704068,Under way using engine,0.0,10.2,352.6,353,Unknown,,,Undefined,,,,Undefined,,,,AIS,,,,
23/06/2017 00:00:03,Class A,219004266,56.704880,8.222152,Unknown value,0.0,0.0,355.1,83,Unknown,,,Undefined,,,,Undefined,,,,AIS,,,,
23/06/2017 00:00:03,Class A,211586910,54.660423,9.934537,Under way using engine,,0.0,303.5,,Unknown,,,Undefined,,,,Undefined,,,,AIS,,,,
23/06/2017 00:00:03,Class A,219000741,56.991468,10.308857,Under way using engine,,0.0,294.0,,Unknown,,,Undefined,,,,Undefined,,,,AIS,,,,
23/06/2017 00:00:03,Class A,220273000,56.411965,10.929427,Moored,,7.5,35.1,32,Unknown,,,Undefined,,,,Undefined,,,,AIS,,,,
23/06/2017 00:00:03,AtoN,992111842,54.630667,12.691883,Unknown value,,,,,Unknown,,WIND FARM BALTIC1NE,Undefined,,,,Surveyed,,,,AIS,,,,
23/06/2017 00:00:03,Class A,219000575,91.000000,181.000000,Unknown value,,,,,Unknown,OXYJ,SKIPPER,Passenger,,6,24,GPS,3.0,,,AIS,17,7,3,3
23/06/2017 00:00:03,Class A,265523240,56.891998,12.489273,Unknown value,0.0,0.0,307.7,63,Unknown,,,Undefined,,,,Undefined,,,,AIS,,,,
23/06/2017 00:00:03,Base Station,2190048,56.079105,12.129553,Unknown value,,,,,Unknown,,,Undefined,,,,GPS,,,,AIS,,,,
23/06/2017 00:00:03,Class B,211594700,91.000000,181.000000,Unknown value,,,,,Unknown,DJ5938,,Sailing,,4,12,Undefined,,,,AIS,8,4,2,2
23/06/2017 00:00:03,Class A,211519000,54.685600,9.987998,Engaged in fishing,0.0,0.0,0.0,107,Unknown,,,Undefined,,,,Undefined,,,,AIS,,,,
23/06/2017 00:00:03,Class B,219017576,57.592307,9.954340,Unknown value,,0.0,322.2,,Unknown,,,Undefined,,,,Undefined,,,,AIS,,,,
23/06/2017 00:00:03,Class A,259222000,56.175598,11.252947,Under way using engine,0.0,18.3,221.2,219,Unknown,,,Undefined,,,,Undefined,,,,AIS,,,,
23/06/2017 00:00:03,Class A,245404000,55.290072,12.667290,Under way using engine,0.0,9.2,129.1,131,Unknown,,,Undefined,,,,Undefined,,,,AIS,,,,
23/06/2017 00:00:03,Class A,219000554,56.458383,10.041908,Under way using engine,0.0,0.0,274.6,331,Unknown,,,Undefined,,,,Undefined,,,,AIS,,,,
23/06/2017 00:00:03,Class A,219009542,57.715198,10.583210,Engaged in fishing,,0.0,0.0,,Unknown,,,Undefined,,,,Undefined,,,,AIS,,,,
23/06/2017 00:00:04,Class A,219002731,56.715812,11.511372,Under way using engine,0.0,0.0,324.2,104,Unknown,,,Undefined,,,,Undefined,,,,AIS,,,,
23/06/2017 00:00:04,Class A,220439000,56.641507,7.717717,Under way using engine,-19.7,8.4,180.0,178,Unknown,,,Undefined,,,,Undefined,,,,AIS,,,,
23/06/2017 00:00:04,Class A,261006090,54.552863,14.992505,Under way using engine,,3.7,205.8,202,Unknown,,,Undefined,,,,Undefined,,,,AIS,,,,
23/06/2017 00:00:04,Class A,219001468,55.094418,14.695237,Under way using engine,0.0,0.0,233.4,354,Unknown,,,Undefined,,,,Undefined,,,,AIS,,,,
23/06/2017 00:00:04,Class A,219000126,55.330768,11.126695,Moored,0.0,0.0,179.8,333,Unknown,,,Undefined,,,,Undefined,,,,AIS,,,,
23/06/2017 00:00:04,Class A,265548360,55.613657,13.002258,Under way using engine,0.0,0.1,296.8,294,Unknown,,,Undefined,,,,Undefined,,,,AIS,,,,
23/06/2017 00:00:04,Class A,219006508,57.409082,11.362415,Unknown value,,2.8,68.6,,Unknown,,,Undefined,,,,Undefined,,,,AIS,,,,
23/06/2017 00:00:04,Class A,212958000,58.235338,10.391918,Under way using engine,0.0,8.0,335.3,332,Unknown,,,Undefined,,,,Undefined,,,,AIS,,,,
23/06/2017 00:00:04,Class A,233150000,57.071380,8.303433,Under way using engine,0.0,12.9,214.6,213,Unknown,,,Undefined,,,,Undefined,,,,AIS,,,,
23/06/2017 00:00:04,Class A,247311100,54.633500,10.870000,Under way using engine,0.0,12.6,120.0,121,Unknown,,,Undefined,,,,Undefined,,,,AIS,,,,
23/06/2017 00:00:04,Class A,212733000,54.667833,12.401500,Under way using engine,0.0,15.5,236.0,235,Unknown,,,Undefined,,,,Undefined,,,,AIS,,,,
23/06/2017 00:00:04,Class A,266448000,56.004900,12.691197,Under way using engine,,0.7,26.9,296,Unknown,,,Undefined,,,,Undefined,,,,AIS,,,,
23/06/2017 00:00:04,Class A,219017895,55.523702,7.762807,Engaged in fishing,,1.0,218.9,207,Unknown,,,Undefined,,,,Undefined,,,,AIS,,,,
23/06/2017 00:00:04,Class A,305575000,54.791033,12.702413,Under way using engine,0.0,15.5,243.1,242,Unknown,,,Undefined,,,,Undefined,,,,AIS,,,,
23/06/2017 00:00:04,Class B,219010246,91.000000,181.000000,Unknown value,,,,,Unknown,OU9853,EGON P,Fishing,,4,10,Undefined,,,,AIS,3,7,2,2
23/06/2017 00:00:04,Class A,211906000,56.192333,7.527167,Under way using engine,0.0,19.6,354.5,356,Unknown,,,Undefined,,,,Undefined,,,,AIS,,,,
23/06/2017 00:00:04,Class A,219513000,56.001160,8.130795,Under way using engine,0.0,0.0,0.4,307,Unknown,,,Undefined,,,,Undefined,,,,AIS,,,,
23/06/2017 00:00:04,Class A,636013683,57.143023,11.652817,Constrained by her draught,-0.4,12.2,340.0,342,9361512,A8OQ2,NEW ABILITY,Tanker,,42,229,GPS,12.6,"ROTTERDAM,NL",25/06/2017 06:00:00,AIS,194,35,17,25
23/06/2017 00:00:04,Class A,219005956,91.000000,181.000000,Unknown value,,,,,Unknown,XP 3556,S 544 DORTIGI,Fishing,,4,14,GPS,,,,AIS,11,3,2,2
23/06/2017 00:00:04,Class A,219004128,56.441947,11.906870,Engaged in fishing,0.0,2.6,143.9,149,Unknown,,,Undefined,,,,Undefined,,,,AIS,,,,
23/06/2017 00:00:04,Class A,248907000,55.752888,10.446118,Under way using engine,0.0,14.0,54.9,56,Unknown,,,Undefined,,,,Undefined,,,,AIS,,,,
23/06/2017 00:00:04,Class A,211379620,54.790123,9.433965,Under way using engine,,0.0,0.0,,Unknown,,,Undefined,,,,Undefined,,,,AIS,,,,
23/06/2017 00:00:04,Class A,265511420,57.659937,11.765388,Under way using engine,-10.0,25.5,250.5,251,Unknown,,,Undefined,,,,Undefined,,,,AIS,,,,
23/06/2017 00:00:04,Class A,210167000,54.289500,9.657733,Under way using engine,0.0,8.9,70.0,75,Unknown,,,Undefined,,,,Undefined,,,,AIS,,,,
23/06/2017 00:00:04,Class A,265463000,54.664180,12.369525,Under way using engine,0.0,14.0,28.4,29,Unknown,,,Undefined,,,,Undefined,,,,AIS,,,,
23/06/2017 00:00:04,Class A,219751000,56.004918,8.120103,Engaged in fishing,0.0,0.0,12.1,152,Unknown,,,Undefined,,,,Undefined,,,,AIS,,,,
23/06/2017 00:00:04,Class A,265553750,57.886252,11.594217,Unknown value,,0.0,333.0,,Unknown,,,Undefined,,,,Undefined,,,,AIS,,,,
23/06/2017 00:00:04,Class A,219965000,57.433573,10.559348,Restricted maneuverability,0.0,0.0,76.2,91,Unknown,,,Undefined,,,,Undefined,,,,AIS,,,,
23/06/2017 00:00:04,Class A,211345800,91.000000,181.000000,Under way using engine,,,,,Unknown,,,Undefined,,,,Undefined,,,,AIS,,,,
23/06/2017 00:00:04,Class A,211211470,54.591198,10.861652,Under way using engine,0.0,12.1,265.6,268,Unknown,,,Undefined,,,,Undefined,,,,AIS,,,,
23/06/2017 00:00:04,Class A,265041000,56.032632,12.617400,Unknown value,0.0,0.0,322.7,76,Unknown,,,Undefined,,,,Undefined,,,,AIS,,,,
23/06/2017 00:00:04,Class A,257519000,54.696278,12.600760,Under way using engine,0.0,12.5,55.1,56,Unknown,,,Undefined,,,,Undefined,,,,AIS,,,,
23/06/2017 00:00:04,Class A,219001682,57.437760,8.899212,Engaged in fishing,,9.5,209.5,,Unknown,,,Undefined,,,,Undefined,,,,AIS,,,,
23/06/2017 00:00:04,Class A,256791000,57.353085,11.465018,Under way using engine,0.0,11.0,159.4,158,Unknown,,,Undefined,,,,Undefined,,,,AIS,,,,
23/06/2017 00:00:04,Class A,246629000,57.542667,11.112667,Under way using engine,0.0,14.9,135.3,135,Unknown,,,Undefined,,,,Undefined,,,,AIS,,,,
23/06/2017 00:00:04,Class A,257082000,56.450262,11.067598,Under way using engine,0.0,10.2,174.8,174,Unknown,,,Undefined,,,,Undefined,,,,AIS,,,,
23/06/2017 00:00:04,Class A,246371000,56.357138,12.351097,Under way using engine,0.0,11.1,335.6,334,Unknown,,,Undefined,,,,Undefined,,,,AIS,,,,
23/06/2017 00:00:04,Class A,244089000,55.926328,12.737093,Under way using engine,0.0,8.0,340.0,339,Unknown,,,Undefined,,,,Undefined,,,,AIS,,,,
23/06/2017 00:00:04,Class B,211296840,91.000000,181.000000,Unknown value,,,,,Unknown,DB4415,SUVILULLU,Sailing,,4,10,Undefined,,,,AIS,8,2,1,3
23/06/2017 00:00:04,Class A,636017466,54.610105,11.117758,Under way using engine,0.0,9.4,257.4,255,Unknown,,,Undefined,,,,Undefined,,,,AIS,,,,
23/06/2017 00:00:04,Class A,219754000,57.720780,10.594668,Engaged in fishing,0.0,0.0,38.6,335,Unknown,,,Undefined,,,,Undefined,,,,AIS,,,,
23/06/2017 00:00:04,Class A,246100000,54.632372,11.041133,Under way using engine,1.1,15.3,122.1,121,Unknown,,,Undefined,,,,Undefined,,,,AIS,,,,
23/06/2017 00:00:04,Class A,305414000,57.456642,10.717025,Under way using engine,-2.2,15.6,188.9,182,Unknown,,,Undefined,,,,Undefined,,,,AIS,,,,
23/06/2017 00:00:04,Class A,219006301,57.495778,10.501690,Under way using engine,,0.0,300.7,,Unknown,,,Undefined,,,,Undefined,,,,AIS,,,,
23/06/2017 00:00:04,Class A,235095162,56.850958,11.796898,Under way using engine,0.0,11.3,161.3,158,Unknown,,,Undefined,,,,Undefined,,,,AIS,,,,
23/06/2017 00:00:04,Class A,219439000,57.715063,10.583732,Engaged in fishing,0.0,0.0,321.4,293,Unknown,,,Undefined,,,,Undefined,,,,AIS,,,,
23/06/2017 00:00:04,Class A,219448000,55.472502,8.422080,Under way using engine,0.0,0.0,300.0,153,Unknown,,,Undefined,,,,Undefined,,,,AIS,,,,
23/06/2017 00:00:04,Class A,266449000,57.815380,9.235928,Engaged in fishing,0.0,11.6,271.5,270,Unknown,,,Undefined,,,,Undefined,,,,AIS,,,,
23/06/2017 00:00:04,Class A,261061000,55.468693,15.274003,Under way using engine,-7.5,3.1,63.7,64,Unknown,,,Undefined,,,,Undefined,,,,AIS,,,,
23/06/2017 00:00:04,Class A,211223400,54.154093,12.093383,Under way using engine,0.0,0.0,130.5,179,Unknown,,,Undefined,,,,Undefined,,,,AIS,,,,
23/06/2017 00:00:04,Class A,310625000,56.452867,7.135567,Under way using engine,0.0,19.2,212.4,213,Unknown,,,Undefined,,,,Undefined,,,,AIS,,,,
23/06/2017 00:00:04,Class A,219012671,57.715190,10.584060,Engaged in fishing,0.0,0.0,282.0,235,Unknown,,,Undefined,,,,Undefined,,,,AIS,,,,
23/06/2017 00:00:04,Class A,219783000,57.004010,9.931848,Unknown value,0.0,0.0,177.7,105,Unknown,,,Undefined,,,,Undefined,,,,AIS,,,,
23/06/2017 00:00:04,Class B,257783980,91.000000,181.000000,Unknown value,,,,,Unknown,,HULDA,Undefined,,,,Undefined,,,,AIS,,,,
23/06/2017 00:00:04,Class A,219016555,54.876017,11.028667,Under way using engine,0.0,0.1,158.0,68,Unknown,,,Undefined,,,,Undefined,,,,AIS,,,,
23/06/2017 00:00:04,Class A,229668000,56.473117,11.579722,Under way using engine,0.0,12.2,209.4,210,Unknown,,,Undefined,,,,Undefined,,,,AIS,,,,
23/06/2017 00:00:04,Class A,231048000,55.606763,10.450942,Under way using engine,0.0,2.9,127.2,128,Unknown,,,Undefined,,,,Undefined,,,,AIS,,,,
23/06/2017 00:00:04,Class A,266077000,57.732713,11.672145,Engaged in fishing,0.0,0.0,358.1,334,Unknown,,,Undefined,,,,Undefined,,,,AIS,,,,
23/06/2017 00:00:04,Class A,255805907,55.202533,11.094155,Under way using engine,,18.6,205.0,207,Unknown,,,Undefined,,,,Undefined,,,,AIS,,,,
23/06/2017 00:00:04,Class A,219007404,55.115093,15.184607,Reserved for future amendment [HSC],,6.9,141.7,139,Unknown,,,Undefined,,,,Undefined,,,,AIS,,,,
23/06/2017 00:00:04,Class A,219005946,55.042335,9.423228,Under way using engine,,0.0,180.0,,Unknown,,,Undefined,,,,Undefined,,,,AIS,,,,
23/06/2017 00:00:04,Class A,219798000,56.370417,8.120010,Under way using engine,0.0,0.0,315.9,357,Unknown,,,Undefined,,,,Undefined,,,,AIS,,,,
23/06/2017 00:00:04,Class A,309985000,55.744117,10.590378,Under way using engine,-2.9,9.2,86.2,88,Unknown,,,Undefined,,,,Undefined,,,,AIS,,,,
23/06/2017 00:00:04,Class A,265644320,57.721548,11.981198,Under way using engine,0.0,0.0,325.3,58,Unknown,,,Undefined,,,,Undefined,,,,AIS,,,,
23/06/2017 00:00:04,Class A,229882000,55.248570,14.318287,Under way using engine,0.0,13.3,219.5,219,Unknown,,,Undefined,,,,Undefined,,,,AIS,,,,
23/06/2017 00:00:04,Class A,210537000,57.437322,10.555907,At anchor,,0.0,330.6,,Unknown,,,Undefined,,,,Undefined,,,,AIS,,,,
23/06/2017 00:00:04,Class A,636091136,54.791948,12.919660,Under way using engine,0.0,13.1,70.3,73,Unknown,,,Undefined,,,,Undefined,,,,AIS,,,,
23/06/2017 00:00:04,Class A,219884000,57.310730,11.527493,Under way using engine,1.1,15.6,342.6,343,Unknown,,,Undefined,,,,Undefined,,,,AIS,,,,
23/06/2017 00:00:04,Class A,376128000,55.692773,12.682742,Restricted maneuverability,0.0,4.8,176.0,175,Unknown,,,Undefined,,,,Undefined,,,,AIS,,,,
23/06/2017 00:00:04,Class A,219922000,56.004833,8.123233,Engaged in fishing,0.0,0.0,0.0,237,Unknown,,,Undefined,,,,Undefined,,,,AIS,,,,
23/06/2017 00:00:04,Class B,257783980,91.000000,181.000000,Unknown value,,,,,Unknown,LJ9569,HULDA,Sailing,,4,13,Undefined,,,,AIS,5,8,2,2
23/06/2017 00:00:04,Class A,219220000,56.697683,8.222762,Engaged in fishing,0.0,0.0,159.8,105,Unknown,,,Undefined,,,,Undefined,,,,AIS,,,,
23/06/2017 00:00:04,Class B,219015915,91.000000,181.000000,Unknown value,,,,,Unknown,XPE3527,,Sailing,,4,13,Undefined,,,,AIS,9,4,4,
23/06/2017 00:00:04,Class A,265785410,56.005533,12.690310,Under way using engine,,0.4,201.5,327,Unknown,,,Undefined,,,,Undefined,,,,AIS,,,,
23/06/2017 00:00:04,Class A,265522210,57.699502,11.666935,Unknown value,0.0,0.0,241.9,243,Unknown,,,Undefined,,,,Undefined,,,,AIS,,,,
23/06/2017 00:00:04,Class A,220283000,55.407573,8.309725,Engaged in fishing,0.0,3.0,112.2,117,Unknown,,,Undefined,,,,Undefined,,,,AIS,,,,
23/06/2017 00:00:04,Class A,219001472,56.696748,8.218645,Unknown value,,0.0,321.3,,Unknown,,,Undefined,,,,Undefined,,,,AIS,,,,
23/06/2017 00:00:04,AtoN,992111876,54.874503,14.083673,Unknown value,,,,,Unknown,,WK N-15 WINDFARM,Undefined,,26,26,Surveyed,,,,AIS,13,13,13,13
23/06/2017 00:00:04,Class A,220339000,55.057107,15.611530,Under way using engine,0.0,3.9,45.3,49,Unknown,OZNK,R 60 TASMANIA,Fishing,,6,17,GPS,,FISKERI,,AIS,13,4,3,3
23/06/2017 00:00:04,Class A,220378000,55.327613,12.567302,Under way using engine,0.0,18.1,135.3,135,Unknown,,,Undefined,,,,Undefined,,,,AIS,,,,
23/06/2017 00:00:04,Class A,219002493,55.425505,10.384665,Under way using engine,0.0,0.0,134.0,216,Unknown,,,Undefined,,,,Undefined,,,,AIS,,,,
23/06/2017 00:00:04,Class A,220272000,55.676755,11.091100,Under way using engine,0.0,0.0,157.2,185,Unknown,,,Undefined,,,,Undefined,,,,AIS,,,,
23/06/2017 00:00:04,Class A,244180000,54.526833,12.315833,Under way using engine,0.0,13.8,64.0,61,Unknown,,,Undefined,,,,Undefined,,,,AIS,,,,
23/06/2017 00:00:04,Class A,219015298,57.690500,11.889267,Under way using engine,-0.0,0.0,4.4,195,Unknown,,,Undefined,,,,Undefined,,,,AIS,,,,
23/06/2017 00:00:04,Class A,305729000,57.781800,9.375552,Under way using engine,0.0,12.0,267.1,264,Unknown,,,Undefined,,,,Undefined,,,,AIS,,,,
23/06/2017 00:00:04,Class A,266239000,54.620177,12.352357,Under way using engine,0.0,14.9,27.0,27,Unknown,,,Undefined,,,,Undefined,,,,AIS,,,,
23/06/2017 00:00:04,Class A,312786000,57.539158,11.243328,Under way using engine,,7.5,131.9,130,Unknown,,,Undefined,,,,Undefined,,,,AIS,,,,
23/06/2017 00:00:04,Class A,219020398,55.274963,7.899620,Restricted maneuverability,0.0,6.3,106.2,109,Unknown,,,Undefined,,,,Undefined,,,,AIS,,,,
23/06/2017 00:00:04,Class B,219021895,56.532770,10.710935,Unknown value,,0.0,144.9,,Unknown,,,Undefined,,,,Undefined,,,,AIS,,,,
23/06/2017 00:00:04,Class B,244810150,91.000000,181.000000,Unknown value,,,,,Unknown,PH5472,,Pleasure,,4,13,Undefined,,,,AIS,11,2,2,2
23/06/2017 00:00:04,Class A,319498000,56.589332,11.694430,Under way using engine,0.7,11.8,211.0,207,Unknown,,,Undefined,,,,Undefined,,,,AIS,,,,
23/06/2017 00:00:04,Class A,231319000,56.022815,8.034083,Restricted maneuverability,0.0,3.5,159.3,157,Unknown,,,Undefined,,,,Undefined,,,,AIS,,,,
23/06/2017 00:00:04,Class A,219022257,57.718115,10.592792,Under way using engine,0.0,0.0,76.6,56,Unknown,,,Undefined,,,,Undefined,,,,AIS,,,,
23/06/2017 00:00:04,Class A,219005969,57.398773,11.348032,Engaged in fishing,0.0,2.4,193.5,196,Unknown,,,Undefined,,,,Undefined,,,,AIS,,,,
23/06/2017 00:00:04,Class A,235081865,56.628547,7.958365,Unknown value,0.0,6.5,238.3,232,Unknown,,,Undefined,,,,Undefined,,,,AIS,,,,
23/06/2017 00:00:04,Class A,219018492,57.594717,9.958383,Unknown value,,0.0,173.6,,Unknown,,,Undefined,,,,Undefined,,,,AIS,,,,
23/06/2017 00:00:04,Class A,219021266,55.963957,11.845477,Under way using engine,0.0,0.0,324.8,285,Unknown,,,Undefined,,,,Undefined,,,,AIS,,,,
23/06/2017 00:00:04,Class A,219015362,56.003047,8.123478,Reserved for future amendment [HSC],0.0,0.0,359.0,240,Unknown,,,Undefined,,,,Undefined,,,,AIS,,,,
23/06/2017 00:00:04,Class A,247018700,57.821667,10.246667,Under way using engine,0.0,14.9,88.0,87,Unknown,,,Undefined,,,,Undefined,,,,AIS,,,,
23/06/2017 00:00:04,Class A,219000141,55.561138,10.542840,Restricted maneuverability,,0.3,,64,Unknown,,,Undefined,,,,Undefined,,,,AIS,,,,
23/06/2017 00:00:04,Class B,219019716,91.000000,181.000000,Unknown value,,,,,Unknown,XPE6236,,Pleasure,,4,12,Undefined,,,,AIS,10,2,3,1
23/06/2017 00:00:04,Base Station,2655130,55.668072,14.158132,Unknown value,,,,,Unknown,,,Undefined,,,,Surveyed,,,,AIS,,,,
23/06/2017 00:00:04,Class A,230927000,91.000000,181.000000,Unknown value,,,,,9198977,OJIW,SEAGARD,Cargo,No additional information,20,153,GPS,6.8,ROSTOCK,23/06/2017 03:00:00,AIS,19,134,10,10
23/06/2017 00:00:04,Class A,235102027,54.869178,14.132812,Under way using engine,,0.3,109.0,169,Unknown,,,Undefined,,,,Undefined,,,,AIS,,,,
23/06/2017 00:00:04,Class A,538006495,55.735775,10.810158,Under way using engine,0.0,13.9,10.3,13,Unknown,,,Undefined,,,,Undefined,,,,AIS,,,,
23/06/2017 00:00:04,Class A,211409100,57.661048,9.314795,Under way using engine,0.0,11.2,58.0,58,Unknown,,,Undefined,,,,Undefined,,,,AIS,,,,
23/06/2017 00:00:04,Class A,370068000,56.136317,11.204800,Under way using engine,0.0,13.2,226.0,228,Unknown,,,Undefined,,,,Undefined,,,,AIS,,,,
23/06/2017 00:00:04,Class A,212702000,55.160170,14.213872,Under way using engine,0.0,10.4,95.4,96,Unknown,,,Undefined,,,,Undefined,,,,AIS,,,,
23/06/2017 00:00:04,Class A,211263800,91.000000,181.000000,Unknown value,,,,,Unknown,DH9000,HOCHSCHULE WISMAR,Undefined,,32,217,GPS,,,,AIS,180,37,16,16
23/06/2017 00:00:04,Class A,257182000,57.578825,11.400915,Under way using engine,-1.1,20.7,344.7,344,Unknown,,,Undefined,,,,Undefined,,,,AIS,,,,
23/06/2017 00:00:04,Class A,219011225,55.234862,8.375077,Engaged in fishing,0.0,3.4,328.8,321,Unknown,,,Undefined,,,,Undefined,,,,AIS,,,,
23/06/2017 00:00:04,Class A,220304000,55.060223,15.136748,Engaged in fishing,0.0,0.0,332.1,354,Unknown,,,Undefined,,,,Undefined,,,,AIS,,,,
23/06/2017 00:00:04,Class A,265610040,91.000000,181.000000,Unknown value,,,,,9390458,SIJK,FOX LUNA,Tanker,Category Y,13,80,GPS,6.2,SKAGEN PEC 86,22/06/2017 07:00:00,AIS,65,15,1,12
23/06/2017 00:00:04,Class B,211716120,91.000000,181.000000,Unknown value,,,,,Unknown,,TAKU MOE,Undefined,,,,Undefined,,,,AIS,,,,
23/06/2017 00:00:04,Class A,218413000,54.170935,12.091283,Under way using engine,0.2,0.0,287.1,56,Unknown,,,Undefined,,,,Undefined,,,,AIS,,,,
23/06/2017 00:00:04,Class A,256045000,57.731833,10.943833,Under way using engine,0.0,19.5,305.0,307,Unknown,,,Undefined,,,,Undefined,,,,AIS,,,,
23/06/2017 00:00:04,Class A,210547000,54.778220,12.681225,Under way using engine,0.0,11.5,237.3,235,Unknown,,,Undefined,,,,Undefined,,,,AIS,,,,
23/06/2017 00:00:04,Class A,219001976,56.688158,11.735305,Engaged in fishing,0.0,2.7,66.5,68,Unknown,,,Undefined,,,,Undefined,,,,AIS,,,,
23/06/2017 00:00:04,Class A,219590000,54.959107,13.168968,Unknown value,0.0,0.0,283.7,208,Unknown,,,Undefined,,,,Undefined,,,,AIS,,,,
23/06/2017 00:00:04,Base Station,2190049,55.735817,10.918783,Unknown value,,,,,Unknown,,,Undefined,,,,Surveyed,,,,AIS,,,,
23/06/2017 00:00:04,Class A,314377000,57.407368,11.479107,Under way using engine,0.0,10.5,341.3,340,Unknown,,,Undefined,,,,Undefined,,,,AIS,,,,
23/06/2017 00:00:04,AtoN,992191530,55.804082,4.564250,Unknown value,,,,,Unknown,,VALDEMAR BA,Undefined,,,,Undefined,,,,AIS,,,,
23/06/2017 00:00:04,Class A,209666000,55.522285,15.845512,Under way using engine,0.0,12.9,91.0,91,Unknown,,,Undefined,,,,Undefined,,,,AIS,,,,
23/06/2017 00:00:04,Class A,218706000,54.794962,10.176008,Under way using engine,0.0,6.9,174.7,181,Unknown,,,Undefined,,,,Undefined,,,,AIS,,,,
23/06/2017 00:00:04,Class A,219017784,56.000650,8.123172,Engaged in fishing,,0.0,344.1,,Unknown,,,Undefined,,,,Undefined,,,,AIS,,,,
23/06/2017 00:00:05,Class A,257190140,56.776573,8.254048,Engaged in fishing,,0.0,344.0,,Unknown,,,Undefined,,,,Undefined,,,,AIS,,,,
23/06/2017 00:00:05,Class B,219000855,57.366362,11.684510,Unknown value,,2.8,301.8,,Unknown,,,Undefined,,,,Undefined,,,,AIS,,,,
23/06/2017 00:00:05,Class A,265502370,57.058817,12.274180,Under way using engine,0.0,0.0,267.6,91,Unknown,,,Undefined,,,,Undefined,,,,AIS,,,,
23/06/2017 00:00:05,Class A,304970000,55.546282,12.705170,Under way using engine,0.0,11.1,188.8,189,Unknown,,,Undefined,,,,Undefined,,,,AIS,,,,
23/06/2017 00:00:05,Class B,257783980,54.938598,10.705332,Unknown value,,0.1,60.5,,Unknown,LJ9569,HULDA,Sailing,,4,13,Undefined,,,,AIS,5,8,2,2
23/06/2017 00:00:05,Class A,219001284,55.058627,10.616330,Under way using engine,0.0,0.2,162.7,163,Unknown,,,Undefined,,,,Undefined,,,,AIS,,,,
23/06/2017 00:00:05,Class A,229044000,54.859473,14.047103,Unknown value,0.0,0.1,201.2,337,Unknown,,,Undefined,,,,Undefined,,,,AIS,,,,
